{
    "jumlah_harian": [
    {
        "tanggal": "2020-06-28 09:17:56.022341",
        "jumlah": 6
    },
    {
        "tanggal": "2020-06-22 09:17:56.023341",
        "jumlah": 84
    },
    {
        "tanggal": "2020-06-23 09:17:56.023341",
        "jumlah": 100
    },
    {
        "tanggal": "2020-06-24 09:17:56.023341",
        "jumlah": 100
    },
    {
        "tanggal": "2020-06-25 09:17:56.023341",
        "jumlah": 97
    },
    {
        "tanggal": "2020-06-26 09:17:56.023341",
        "jumlah": 100
    },
    {
        "tanggal": "2020-06-27 09:17:56.023341",
        "jumlah": 100
    }],
    "popular": [
    {
        "id_indikator": "inflasi",
        "status_posted": "2020-06-22 23:59:48",
        "user_desc": "'an ordinary mom who wants her kids grows in better Indonesia \ud83c\uddee\ud83c\udde9'",
        "user_status_count": 33712,
        "user_name": "ulitrisnani",
        "user_target_reply": null,
        "user_verified": false,
        "status_text": "'RT @ya2t_jakarta: Indonesia saat hyper inflasi 650% masih bikin rumah super mewah banyak yg pikir Wisma Yaso dibikin saat penjajahan Inggri\u2026'",
        "status_hashtags": "[]",
        "user_following": 681,
        "user_followers": 645,
        "status_retweets": 41,
        "user_location": "Bandung, Indonesia",
        "status_coordinate": "None",
        "country_code": null,
        "provinsi": "JAWA BARAT"
    },
    {
        "id_indikator": "inflasi",
        "status_posted": "2020-06-22 23:56:56",
        "user_desc": "'Berkarya Network | Jl. Cemara No 23 - 25 Menteng Jakarta Pusat  | We Hope Through Humor You Know The Truth \ud83d\ude09'",
        "user_status_count": 19007,
        "user_name": "Berkarya_Info",
        "user_target_reply": null,
        "user_verified": false,
        "status_text": "'RT @ya2t_jakarta: Indonesia saat hyper inflasi 650% masih bikin rumah super mewah banyak yg pikir Wisma Yaso dibikin saat penjajahan Inggri\u2026'",
        "status_hashtags": "[]",
        "user_following": 3065,
        "user_followers": 20317,
        "status_retweets": 41,
        "user_location": "Jakarta Pusat, DKI Jakarta",
        "status_coordinate": "None",
        "country_code": null,
        "provinsi": "DKI JAKARTA"
    },
    {
        "id_indikator": "inflasi",
        "status_posted": "2020-06-22 23:41:41",
        "user_desc": "''",
        "user_status_count": 2245,
        "user_name": "OmayBJ",
        "user_target_reply": null,
        "user_verified": false,
        "status_text": "'RT @ya2t_jakarta: Indonesia saat hyper inflasi 650% masih bikin rumah super mewah banyak yg pikir Wisma Yaso dibikin saat penjajahan Inggri\u2026'",
        "status_hashtags": "[]",
        "user_following": 219,
        "user_followers": 115,
        "status_retweets": 41,
        "user_location": "",
        "status_coordinate": "None",
        "country_code": null,
        "provinsi": ""
    },
    {
        "id_indikator": "inflasi",
        "status_posted": "2020-06-22 23:41:08",
        "user_desc": "'imoet dong aku'",
        "user_status_count": 22948,
        "user_name": "artalita_imoet",
        "user_target_reply": null,
        "user_verified": false,
        "status_text": "'Karenanya, Dody memperkirakan inflasi Juli bakal relatif lebih rendah dibandingkan Juni meskipun bulan depan telah memasuki tahun ajaran baru.'",
        "status_hashtags": "[]",
        "user_following": 28,
        "user_followers": 35,
        "status_retweets": 0,
        "user_location": "Jakarta Capital Region",
        "status_coordinate": "None",
        "country_code": null,
        "provinsi": "DKI JAKARTA"
    },
    {
        "id_indikator": "inflasi",
        "status_posted": "2020-06-22 23:36:31",
        "user_desc": "''",
        "user_status_count": 53355,
        "user_name": "aldipu",
        "user_target_reply": null,
        "user_verified": false,
        "status_text": "'RT @ya2t_jakarta: Indonesia saat hyper inflasi 650% masih bikin rumah super mewah banyak yg pikir Wisma Yaso dibikin saat penjajahan Inggri\u2026'",
        "status_hashtags": "[]",
        "user_following": 544,
        "user_followers": 603,
        "status_retweets": 41,
        "user_location": "",
        "status_coordinate": "None",
        "country_code": null,
        "provinsi": ""
    },
    {
        "id_indikator": "inflasi",
        "status_posted": "2020-06-22 23:25:05",
        "user_desc": "\"I'm just an ordinary boy with unordinary dream :) | @ardhilaradhia 's husband| Bachelor of Mining Engineering | Glory Glory @manutd\"",
        "user_status_count": 59911,
        "user_name": "RafenskaUloli",
        "user_target_reply": null,
        "user_verified": false,
        "status_text": "'RT @ya2t_jakarta: Indonesia saat hyper inflasi 650% masih bikin rumah super mewah banyak yg pikir Wisma Yaso dibikin saat penjajahan Inggri\u2026'",
        "status_hashtags": "[]",
        "user_following": 888,
        "user_followers": 672,
        "status_retweets": 41,
        "user_location": "Jakarta",
        "status_coordinate": "None",
        "country_code": null,
        "provinsi": "DKI JAKARTA"
    },
    {
        "id_indikator": "inflasi",
        "status_posted": "2020-06-22 23:09:19",
        "user_desc": "\"pemimpin adalah cermin dari yg dipimpin \ud83d\udc49  I don't believe in politics..\ud83d\udc49 I don't trust any politician..\ud83d\udc49 Because my grand father said  \u062c\u062f \u0627\u0644\u0643\u0644\u0627\u0628 \u0648\u0627\u062d\u062f\"",
        "user_status_count": 17723,
        "user_name": "Haifa0man",
        "user_target_reply": null,
        "user_verified": false,
        "status_text": "'RT @ya2t_jakarta: Indonesia saat hyper inflasi 650% masih bikin rumah super mewah banyak yg pikir Wisma Yaso dibikin saat penjajahan Inggri\u2026'",
        "status_hashtags": "[]",
        "user_following": 549,
        "user_followers": 456,
        "status_retweets": 41,
        "user_location": "Indonesia Rasa Korea Utara",
        "status_coordinate": "None",
        "country_code": null,
        "provinsi": null
    },
    {
        "id_indikator": "inflasi",
        "status_posted": "2020-06-22 23:09:14",
        "user_desc": "\"pemimpin adalah cermin dari yg dipimpin \ud83d\udc49  I don't believe in politics..\ud83d\udc49 I don't trust any politician..\ud83d\udc49 Because my grand father said  \u062c\u062f \u0627\u0644\u0643\u0644\u0627\u0628 \u0648\u0627\u062d\u062f\"",
        "user_status_count": 17723,
        "user_name": "Haifa0man",
        "user_target_reply": "ya2t_jakarta",
        "user_verified": false,
        "status_text": "'@ya2t_jakarta @HMSoeharto1921 Saat rakyat kelaparan krn inflasi dia bangun istana..  Padahal dia yg koar2 Merakyat.. \ud83e\udd2a'",
        "status_hashtags": "[]",
        "user_following": 549,
        "user_followers": 456,
        "status_retweets": 0,
        "user_location": "Indonesia Rasa Korea Utara",
        "status_coordinate": "None",
        "country_code": null,
        "provinsi": null
    },
    {
        "id_indikator": "inflasi",
        "status_posted": "2020-06-22 22:41:31",
        "user_desc": "'Hanya kepada Allah hamba kembali dan hanya kepada Allah hamba meminta pertolongan.'",
        "user_status_count": 23688,
        "user_name": "cyber_entrance",
        "user_target_reply": "ordinary68",
        "user_verified": false,
        "status_text": "'@ordinary68 @JJRizal Dan membuat inflasi ribuan persen'",
        "status_hashtags": "[]",
        "user_following": 293,
        "user_followers": 266,
        "status_retweets": 0,
        "user_location": "",
        "status_coordinate": "None",
        "country_code": null,
        "provinsi": ""
    },
    {
        "id_indikator": "inflasi",
        "status_posted": "2020-06-22 22:33:50",
        "user_desc": "'Akun ini didedikasikan untuk Presiden Ke-2 RI, Bapak Pembangunan,  yang membawa Indonesia sebagai Macan Asia. Fb:  '",
        "user_status_count": 101652,
        "user_name": "HMSoeharto1921",
        "user_target_reply": null,
        "user_verified": false,
        "status_text": "'RT @ya2t_jakarta: Indonesia saat hyper inflasi 650% masih bikin rumah super mewah banyak yg pikir Wisma Yaso dibikin saat penjajahan Inggri\u2026'",
        "status_hashtags": "[]",
        "user_following": 1186,
        "user_followers": 57183,
        "status_retweets": 41,
        "user_location": "Jakarta",
        "status_coordinate": "None",
        "country_code": null,
        "provinsi": "DKI JAKARTA"
    }],
    "popular_today": [
    {
        "id_indikator": "inflasi",
        "status_posted": "2020-06-28 01:21:48",
        "user_desc": "'Authorized Distributor Minigold Kab.Rembang || #MNG1589952349 ||   || #semuabisapunyaemas'",
        "user_status_count": 2396,
        "user_name": "ariefatunike",
        "user_target_reply": null,
        "user_verified": false,
        "status_text": "'Investasi itu tepat bila dijadikan simpanan jangka panjang, salah satunya yaitu emas.Dibanding dengan menyimpan uang yang akan habis tergerus inflasi. karena nilainya selalu stabil untuk dijadikan aset pelindung nilai. Yuk Investasi   #SemuaBisaPunyaEmas  '",
        "status_hashtags": "[{'text': 'SemuaBisaPunyaEmas', 'indices': [257, 276]}]",
        "user_following": 159,
        "user_followers": 243,
        "status_retweets": 0,
        "user_location": "Rembang, Indonesia",
        "status_coordinate": "None",
        "country_code": null,
        "provinsi": null
    },
    {
        "id_indikator": "inflasi",
        "status_posted": "2020-06-28 01:11:11",
        "user_desc": "'imoet dong aku'",
        "user_status_count": 22948,
        "user_name": "artalita_imoet",
        "user_target_reply": null,
        "user_verified": false,
        "status_text": "'Selain tarif listrik, kenaikan permintaan dan tarif angkutan juga bakal berkontribusi pada inflasi bulan ini.'",
        "status_hashtags": "[]",
        "user_following": 28,
        "user_followers": 35,
        "status_retweets": 0,
        "user_location": "Jakarta Capital Region",
        "status_coordinate": "None",
        "country_code": null,
        "provinsi": "DKI JAKARTA"
    },
    {
        "id_indikator": "inflasi",
        "status_posted": "2020-06-28 00:49:04",
        "user_desc": "'Hidup bebas tanpa narkoba Milineal cerdas tanpa sex bebas'",
        "user_status_count": 2840,
        "user_name": "isgnursejati_57",
        "user_target_reply": "Berkarya_Info",
        "user_verified": false,
        "status_text": "'@Berkarya_Info Roda ekonomi berjalan karena produksi dan pembelian seimbang. Produksi berkurang uang beredar banyak tidak pembelian inflasi jadinya. Solusinya Mari tumbuhkan UMKM sbg home produksi agar tidak ada inflasi'",
        "status_hashtags": "[]",
        "user_following": 104,
        "user_followers": 56,
        "status_retweets": 0,
        "user_location": "Depok",
        "status_coordinate": "None",
        "country_code": null,
        "provinsi": "JAWA BARAT"
    },
    {
        "id_indikator": "inflasi",
        "status_posted": "2020-06-28 00:17:50",
        "user_desc": "''",
        "user_status_count": 4445,
        "user_name": "Dikys10",
        "user_target_reply": null,
        "user_verified": false,
        "status_text": "'RT @reconWaRRioRs: Stok market Shanghai, Shenzhen Hong Kong, termasuk AS, semuanya dimanipulasi - di masa depan kehancuran pasar saham akan\u2026'",
        "status_hashtags": "[]",
        "user_following": 26,
        "user_followers": 19,
        "status_retweets": 2,
        "user_location": "",
        "status_coordinate": "None",
        "country_code": null,
        "provinsi": ""
    },
    {
        "id_indikator": "inflasi",
        "status_posted": "2020-06-28 00:11:07",
        "user_desc": "'imoet dong aku'",
        "user_status_count": 22948,
        "user_name": "artalita_imoet",
        "user_target_reply": null,
        "user_verified": false,
        "status_text": "'Karenanya, Dody memperkirakan inflasi Juli bakal relatif lebih rendah dibandingkan Juni meskipun bulan depan telah memasuki tahun ajaran baru.'",
        "status_hashtags": "[]",
        "user_following": 28,
        "user_followers": 35,
        "status_retweets": 0,
        "user_location": "Jakarta Capital Region",
        "status_coordinate": "None",
        "country_code": null,
        "provinsi": "DKI JAKARTA"
    },
    {
        "id_indikator": "inflasi",
        "status_posted": "2020-06-28 00:09:16",
        "user_desc": "'solusi investasi melalui \"tabungan domba\"'",
        "user_status_count": 15888,
        "user_name": "tabungandomba",
        "user_target_reply": null,
        "user_verified": false,
        "status_text": "'dijaman modern banyak dikenal dg tabungan uang kertas maupun uang digital (deposito, sukuk, dll) tetapi nilainya terus menyusut karena inflasi'",
        "status_hashtags": "[]",
        "user_following": 16,
        "user_followers": 14,
        "status_retweets": 0,
        "user_location": "Jakarta Capital Region",
        "status_coordinate": "None",
        "country_code": null,
        "provinsi": "DKI JAKARTA"
    }],
    "lokasi":
    {
        "DKI JAKARTA": 83,
        "JAWA BARAT": 33,
       
        "DI YOGYAKARTA": 6,
        "NUSA TENGGARA BARAT": 1,
        "PAPUA": 3,
        "JAWA TIMUR": 2,
        "JAWA TENGAH": 4,
        "RIAU": 1,
        "SULAWESI SELATAN": 1
    }
}