{
    "jumlah_harian": [
    {
        "tanggal": "2020-06-22 17:19:37.702083",
        "jumlah": 100
    },
    {
        "tanggal": "2020-06-23 17:19:37.702083",
        "jumlah": 100
    },
    {
        "tanggal": "2020-06-24 17:19:37.702083",
        "jumlah": 100
    },
    {
        "tanggal": "2020-06-25 17:19:37.702083",
        "jumlah": 100
    },
    {
        "tanggal": "2020-06-26 17:19:37.702083",
        "jumlah": 100
    },
    {
        "tanggal": "2020-06-27 17:19:37.702083",
        "jumlah": 100
    },
    {
        "tanggal": "2020-06-28 17:19:37.702083",
        "jumlah": 100
    }],
    "popular": [
    {
        "id_indikator": "corona",
        "status_posted": "2020-06-22 23:59:37",
        "user_desc": "'scorpio girl\ud83e\udd82 @mutiara_r20'",
        "user_status_count": 518,
        "user_name": "satedinosaurus",
        "user_target_reply": null,
        "user_verified": false,
        "status_text": "'RT @andrilikx: Semenjak ada Corona, semua orang pada jadi atlet sepeda.'",
        "status_hashtags": "[]",
        "user_following": 49,
        "user_followers": 30,
        "status_retweets": 5299,
        "user_location": "",
        "status_coordinate": "None",
        "country_code": null,
        "provinsi": ""
    },
    {
        "id_indikator": "corona",
        "status_posted": "2020-06-22 23:59:35",
        "user_desc": "'Gak ada isinya'",
        "user_status_count": 682,
        "user_name": "Putusri58987707",
        "user_target_reply": null,
        "user_verified": false,
        "status_text": "'RT @andrilikx: Semenjak ada Corona, semua orang pada jadi atlet sepeda.'",
        "status_hashtags": "[]",
        "user_following": 8,
        "user_followers": 7,
        "status_retweets": 5299,
        "user_location": "",
        "status_coordinate": "None",
        "country_code": null,
        "provinsi": ""
    },
    {
        "id_indikator": "corona",
        "status_posted": "2020-06-22 23:59:31",
        "user_desc": "'bluurr nda ada tulisan'",
        "user_status_count": 666,
        "user_name": "bukansuliss",
        "user_target_reply": null,
        "user_verified": false,
        "status_text": "'RT @andrilikx: Semenjak ada Corona, semua orang pada jadi atlet sepeda.'",
        "status_hashtags": "[]",
        "user_following": 534,
        "user_followers": 508,
        "status_retweets": 5299,
        "user_location": "",
        "status_coordinate": "None",
        "country_code": null,
        "provinsi": ""
    },
    {
        "id_indikator": "corona",
        "status_posted": "2020-06-22 23:59:24",
        "user_desc": "'qiubianbi'",
        "user_status_count": 182,
        "user_name": "bianaiukk",
        "user_target_reply": null,
        "user_verified": false,
        "status_text": "'RT @andrilikx: Semenjak ada Corona, semua orang pada jadi atlet sepeda.'",
        "status_hashtags": "[]",
        "user_following": 78,
        "user_followers": 13,
        "status_retweets": 5299,
        "user_location": "",
        "status_coordinate": "None",
        "country_code": null,
        "provinsi": ""
    },
    {
        "id_indikator": "corona",
        "status_posted": "2020-06-22 23:58:51",
        "user_desc": "'Kicau burungnya seorang pecandu Sampoerna.'",
        "user_status_count": 30190,
        "user_name": "vinstr_",
        "user_target_reply": null,
        "user_verified": false,
        "status_text": "'RT @andrilikx: Semenjak ada Corona, semua orang pada jadi atlet sepeda.'",
        "status_hashtags": "[]",
        "user_following": 336,
        "user_followers": 749,
        "status_retweets": 5299,
        "user_location": "Banyuwangi, Indonesia",
        "status_coordinate": "None",
        "country_code": null,
        "provinsi": null
    },
    {
        "id_indikator": "corona",
        "status_posted": "2020-06-22 23:58:44",
        "user_desc": "'flower.'",
        "user_status_count": 21994,
        "user_name": "otherlyfes",
        "user_target_reply": null,
        "user_verified": false,
        "status_text": "'RT @andrilikx: Semenjak ada Corona, semua orang pada jadi atlet sepeda.'",
        "status_hashtags": "[]",
        "user_following": 947,
        "user_followers": 939,
        "status_retweets": 5299,
        "user_location": "",
        "status_coordinate": "None",
        "country_code": null,
        "provinsi": ""
    },
    {
        "id_indikator": "corona",
        "status_posted": "2020-06-22 23:58:32",
        "user_desc": "'hey kamu // lagi limit jgn diunfoll'",
        "user_status_count": 514,
        "user_name": "melvifebb",
        "user_target_reply": null,
        "user_verified": false,
        "status_text": "'RT @andrilikx: Semenjak ada Corona, semua orang pada jadi atlet sepeda.'",
        "status_hashtags": "[]",
        "user_following": 322,
        "user_followers": 324,
        "status_retweets": 5299,
        "user_location": "Malang",
        "status_coordinate": "None",
        "country_code": null,
        "provinsi": "JAWA TIMUR"
    },
    {
        "id_indikator": "corona",
        "status_posted": "2020-06-22 23:57:19",
        "user_desc": "''",
        "user_status_count": 2570,
        "user_name": "farchatina",
        "user_target_reply": null,
        "user_verified": false,
        "status_text": "'RT @andrilikx: Semenjak ada Corona, semua orang pada jadi atlet sepeda.'",
        "status_hashtags": "[]",
        "user_following": 222,
        "user_followers": 232,
        "status_retweets": 5299,
        "user_location": "Indonesia",
        "status_coordinate": "None",
        "country_code": null,
        "provinsi": null
    },
    {
        "id_indikator": "corona",
        "status_posted": "2020-06-22 23:56:51",
        "user_desc": "'kapan g sambat?'",
        "user_status_count": 9086,
        "user_name": "AVVMLUUBGD",
        "user_target_reply": null,
        "user_verified": false,
        "status_text": "'RT @andrilikx: Semenjak ada Corona, semua orang pada jadi atlet sepeda.'",
        "status_hashtags": "[]",
        "user_following": 620,
        "user_followers": 331,
        "status_retweets": 5299,
        "user_location": "Indonesia",
        "status_coordinate": "None",
        "country_code": null,
        "provinsi": null
    },
    {
        "id_indikator": "corona",
        "status_posted": "2020-06-22 23:56:29",
        "user_desc": "''",
        "user_status_count": 20419,
        "user_name": "Anies28998",
        "user_target_reply": null,
        "user_verified": false,
        "status_text": "'RT @andrilikx: Semenjak ada Corona, semua orang pada jadi atlet sepeda.'",
        "status_hashtags": "[]",
        "user_following": 302,
        "user_followers": 537,
        "status_retweets": 5299,
        "user_location": "+62",
        "status_coordinate": "None",
        "country_code": null,
        "provinsi": null
    }],
    "popular_today": [
    {
        "id_indikator": "corona",
        "status_posted": "2020-06-28 10:16:06",
        "user_desc": "''",
        "user_status_count": 62742,
        "user_name": "Syaf_Tiz",
        "user_target_reply": null,
        "user_verified": false,
        "status_text": "'RT @AzharJayson: member send dekat ws\ud83d\ude02memang dah kalau kapal besar 6/8 bulan oboard macamni lah gayanya lagi2 musim corona ni\ud83d\ude02\ud83d\ude02  '",
        "status_hashtags": "[]",
        "user_following": 457,
        "user_followers": 671,
        "status_retweets": 13707,
        "user_location": "+60",
        "status_coordinate": "None",
        "country_code": null,
        "provinsi": null
    },
    {
        "id_indikator": "corona",
        "status_posted": "2020-06-28 10:19:13",
        "user_desc": "'Tetap ikhtiar, optimis...'",
        "user_status_count": 5915,
        "user_name": "teguhs1102",
        "user_target_reply": null,
        "user_verified": false,
        "status_text": "'RT @bintangku206: Corona Tinggi, Jatim Raih 2 Piala New Normal Kemendagri, entah bagaimana cara menilainya, siapa yg menilai   kapan mulai\u2026'",
        "status_hashtags": "[]",
        "user_following": 1168,
        "user_followers": 463,
        "status_retweets": 4224,
        "user_location": "Jakarta, Indonesia",
        "status_coordinate": "None",
        "country_code": null,
        "provinsi": "DKI JAKARTA"
    },
    {
        "id_indikator": "corona",
        "status_posted": "2020-06-28 10:15:41",
        "user_desc": "\"ehgirl\ud83d\udc2f (+62/+39) | iqra' header yaa.                                                                     manager : @hilmayssz.\"",
        "user_status_count": 514,
        "user_name": "aulia_nazwak",
        "user_target_reply": null,
        "user_verified": false,
        "status_text": "'RT @62Egi: \u3164  Di Afrika makan monyet timbul Virus Ebola Di China makan kalelawar muncul Virus Corona Di Negara +62 makan Temen besoknya di\u2026'",
        "status_hashtags": "[]",
        "user_following": 142,
        "user_followers": 132,
        "status_retweets": 3865,
        "user_location": "",
        "status_coordinate": "None",
        "country_code": null,
        "provinsi": ""
    },
    {
        "id_indikator": "corona",
        "status_posted": "2020-06-28 10:17:22",
        "user_desc": "'\u201c\\xa0You have never lived until You have almost died, And for those who choose to fight, Life has a special flavor, The protected will never know!!! \u201c'",
        "user_status_count": 25609,
        "user_name": "chan755",
        "user_target_reply": null,
        "user_verified": false,
        "status_text": "'RT @Lala_The_Don: Amit Shah vs Kejriwal, A view of handling Corona Crisis in delhi.\ud83d\ude39 #CreditChorKejriwal  '",
        "status_hashtags": "[{'text': 'CreditChorKejriwal', 'indices': [85, 104]}]",
        "user_following": 1377,
        "user_followers": 239,
        "status_retweets": 763,
        "user_location": "Israel",
        "status_coordinate": "None",
        "country_code": null,
        "provinsi": null
    },
    {
        "id_indikator": "corona",
        "status_posted": "2020-06-28 10:18:40",
        "user_desc": "'Sports Lover |Music Lover \ud83c\udfa7\ud83c\udfb6| Student | Hunting for Peace'",
        "user_status_count": 26091,
        "user_name": "_sinful_soul",
        "user_target_reply": null,
        "user_verified": false,
        "status_text": "'RT @Lala_The_Don: Amit Shah vs Kejriwal, A view of handling Corona Crisis in delhi.\ud83d\ude39 #CreditChorKejriwal  '",
        "status_hashtags": "[{'text': 'CreditChorKejriwal', 'indices': [85, 104]}]",
        "user_following": 99,
        "user_followers": 135,
        "status_retweets": 762,
        "user_location": "India",
        "status_coordinate": "None",
        "country_code": null,
        "provinsi": null
    },
    {
        "id_indikator": "corona",
        "status_posted": "2020-06-28 10:18:20",
        "user_desc": "'\ud83d\udea9\ud83d\udea9\ud83d\ude4f\ud83d\ude4f \u0905\u0939\u093f\u0902\u0938\u093e \u092a\u0930\u092e\u094b \u0927\u0930\u094d\u092e\u0903 \u0927\u0930\u094d\u092e \u0939\u093f\u0902\u0938\u093e \u0924\u0925\u0948\u0935 \u091a:\ud83d\ude4f\ud83d\ude4f\ud83d\udea9\ud83d\udea9   \ud83d\udea9\ud83d\udea9\ud83d\ude4f\ud83d\ude4f \u0928\u092e\u0938\u094d\u0924\u0947 \u0938\u0926\u093e \u0935\u0924\u094d\u0938\u0932\u0947 \u092e\u093e\u0924\u0943\u092d\u0942\u092e\u0947 \ud83d\ude4f\ud83d\ude4f\ud83d\udea9\ud83d\udea9        \u0938\u0902\u0917\u0920\u093f\u0924 \u0938\u0928\u093e\u0924\u0928 \u0939\u0940 \u0938\u092c \u0938\u092e\u0938\u094d\u092f\u093e\u0913\u0902 \u0915\u093e \u0939\u0932 \u0939\u0948\ud83d\udea9\ud83d\udea9\ud83d\ude4f\ud83d\ude4f'",
        "user_status_count": 167896,
        "user_name": "rameshprasad75",
        "user_target_reply": null,
        "user_verified": false,
        "status_text": "'RT @Lala_The_Don: Amit Shah vs Kejriwal, A view of handling Corona Crisis in delhi.\ud83d\ude39 #CreditChorKejriwal  '",
        "status_hashtags": "[{'text': 'CreditChorKejriwal', 'indices': [85, 104]}]",
        "user_following": 84,
        "user_followers": 404,
        "status_retweets": 762,
        "user_location": "\u0939\u093f\u0928\u094d\u0926\u0941\u0938\u094d\u0924\u093e\u0928 \ud83c\uddee\ud83c\uddf3\ud83d\udea9\ud83d\udd49\ud83d\udd31",
        "status_coordinate": "None",
        "country_code": null,
        "provinsi": null
    },
    {
        "id_indikator": "corona",
        "status_posted": "2020-06-28 10:17:51",
        "user_desc": "\"Don't live in the future\"",
        "user_status_count": 15739,
        "user_name": "yosuareviens",
        "user_target_reply": null,
        "user_verified": false,
        "status_text": "'RT @detikHealth: CDC mengungkap gejala lain yang ditemukan pasien Corona adalah sakit tenggorokan. Untuk mencegah sakit tenggorokan, beriku\u2026'",
        "status_hashtags": "[]",
        "user_following": 764,
        "user_followers": 480,
        "status_retweets": 453,
        "user_location": "Indonesia",
        "status_coordinate": "None",
        "country_code": null,
        "provinsi": null
    },
    {
        "id_indikator": "corona",
        "status_posted": "2020-06-28 10:17:05",
        "user_desc": "''",
        "user_status_count": 1316,
        "user_name": "notyourmine",
        "user_target_reply": null,
        "user_verified": false,
        "status_text": "'RT @detikHealth: CDC mengungkap gejala lain yang ditemukan pasien Corona adalah sakit tenggorokan. Untuk mencegah sakit tenggorokan, beriku\u2026'",
        "status_hashtags": "[]",
        "user_following": 133,
        "user_followers": 16,
        "status_retweets": 453,
        "user_location": "",
        "status_coordinate": "None",
        "country_code": null,
        "provinsi": ""
    },
    {
        "id_indikator": "corona",
        "status_posted": "2020-06-28 10:18:42",
        "user_desc": "'nothing'",
        "user_status_count": 6,
        "user_name": "Vitta57194342",
        "user_target_reply": null,
        "user_verified": false,
        "status_text": "'RT @biyuyul: gue ketika corona menghilang \ud83d\ude02\ud83d\ude02  #ItsOkayNotTobeOkay  '",
        "status_hashtags": "[{'text': 'ItsOkayNotTobeOkay', 'indices': [46, 65]}]",
        "user_following": 23,
        "user_followers": 0,
        "status_retweets": 286,
        "user_location": "",
        "status_coordinate": "None",
        "country_code": null,
        "provinsi": ""
    },
    {
        "id_indikator": "corona",
        "status_posted": "2020-06-28 10:18:07",
        "user_desc": "'Aku tak sebaik apa yg kau ucapkan,,tapi juga tak seburuk apa yg terlintas dihati mu  - (Sayyidina Ali) -'",
        "user_status_count": 10055,
        "user_name": "PutriRudianto17",
        "user_target_reply": null,
        "user_verified": false,
        "status_text": "'RT @K1ngPurw4: Ahsyiap Ketua!  Iwan Sumule (@KetuaMajelis) : Jangan Kendor, UU Corona Sama Bahayanya Dengan Upaya Ubah Pancasila!  '",
        "status_hashtags": "[]",
        "user_following": 147,
        "user_followers": 181,
        "status_retweets": 273,
        "user_location": "DKI Jakarta, Indonesia",
        "status_coordinate": "None",
        "country_code": null,
        "provinsi": "DKI JAKARTA"
    }],
    "lokasi":
    {
        "DKI JAKARTA": 50,
        "DI YOGYAKARTA": 13,
        "JAWA BARAT": 18,
        "SULAWESI SELATAN": 1,
        "KEPULAUAN BANGKA BELITUNG": 4,
        "JAWA TENGAH": 2,
        "JAWA TIMUR": 2,
        "BANTEN": 3,
        "KALIMANTAN TIMUR": 3,
        "SUMATERA UTARA": 1,
        "PAPUA": 1
    }
}