{"nodes": [{"id": "Agus", "group": 10}, {"id": "Sri Mulyani Indrawati", "group": 10}, {"id": "Perry Warjiyo", "group": 10}, {"id": "Sri Mulyani", "group": 10}, {"id": "Airlangga", "group": 10}, {"id": "Jokowi", "group": 10}, {"id": "Joko Widodo", "group": 10}, {"id": "Agus Suparmanto", "group": 10}, {"id": "Donald Trump", "group": 10}, {"id": "Joko Widodo (Jokowi)", "group": 10}, {"id": "Agus Ruli", "group": 5}, {"id": "Agus Suparmanto", "group": 5}, {"id": "Yunita Rusanti", "group": 5}, {"id": "Jokowi", "group": 5}, {"id": "Farma", "group": 5}, {"id": "Agus Salim Editor", "group": 5}, {"id": "Agus Salim", "group": 5}, {"id": "Jerry Sambuaga", "group": 5}, {"id": "Panky Tri Febiansyah", "group": 5}, {"id": "Purwokerto Agus Chusaini", "group": 5}, {"id": "Agus Sartono", "group": 5}, {"id": "Mendikbud", "group": 5}, {"id": "Nadiem Beri Jatah", "group": 5}, {"id": "Nurdin Mokoginta", "group": 5}, {"id": "Arif Nasrudin", "group": 5}, {"id": "Panky", "group": 5}, {"id": "Sri", "group": 5}, {"id": "Sri Mulyani", "group": 5}, {"id": "Rahayu Subekti Pemerintah", "group": 5}, {"id": "Budi", "group": 5}, {"id": "Agus Eko Nugroho", "group": 5}, {"id": "Budi Karya Sumadi", "group": 5}, {"id": "Agus Tauchid S", "group": 5}, {"id": "Joko Widodo", "group": 5}, {"id": "Agus Andrianto", "group": 5}, {"id": "Roll Royce", "group": 5}, {"id": "Agus Budiarto", "group": 5}, {"id": "Suryani SF Motik", "group": 5}, {"id": "Dewi. Dewi", "group": 5}, {"id": "Dhian", "group": 5}, {"id": "Agus Pambagio", "group": 5}, {"id": "Rachmat Sentika", "group": 5}, {"id": "Rachmat", "group": 5}, {"id": "Probhoyekti", "group": 5}, {"id": "Budi Suyanto", "group": 5}, {"id": "Agus Gumiwang Kartasasmita", "group": 5}, {"id": "Khayam", "group": 5}, {"id": "Muhammad Khayam", "group": 5}, {"id": "Eko", "group": 5}, {"id": "Eko Cahyanto", "group": 5}, {"id": "Zakir", "group": 5}, {"id": "Zakir Machmud", "group": 5}, {"id": "Titik", "group": 5}, {"id": "Wahyu", "group": 5}, {"id": "Hariyadi", "group": 5}, {"id": "Sukamdani", "group": 5}, {"id": "Ahmad Buchori", "group": 5}, {"id": "Ahmad Wijaya", "group": 5}, {"id": "Adi Lazuardi", "group": 5}, {"id": "Airlangga Hartarto", "group": 5}, {"id": "Hakim", "group": 5}, {"id": "Fian Aziz", "group": 5}, {"id": "Hakim Kisworo", "group": 5}, {"id": "Saril", "group": 5}, {"id": "Suhariyanto", "group": 5}, {"id": "Faisal Yunianto", "group": 5}, {"id": "Said Abdullah", "group": 5}, {"id": "Arief Pribadi Editor", "group": 5}, {"id": "Pengganti", "group": 5}, {"id": "Yasonna", "group": 5}, {"id": "Perry Warjiyo", "group": 5}, {"id": "Ridwan Djamaluddin", "group": 5}, {"id": "Abdul Hamid", "group": 5}, {"id": "Joko Widodo (Jokowi)", "group": 5}, {"id": "Faisal Basri", "group": 5}, {"id": "Alexander Adrianto Tjahyadi", "group": 5}, {"id": "Eko Listiyanto", "group": 5}, {"id": "JB Sumarlin", "group": 5}, {"id": "Bondan Winarno", "group": 5}, {"id": "Bhima Yudhistira", "group": 5}, {"id": "Faisal", "group": 5}, {"id": "Airlangga", "group": 5}, {"id": "Perry", "group": 5}, {"id": "Piter", "group": 5}, {"id": "Kamrussamad", "group": 5}, {"id": "Agus", "group": 5}, {"id": "Airlangga Hartarto)", "group": 5}, {"id": "Sandiaga Uno", "group": 5}, {"id": "Prof DR Baharuddin Lipat", "group": 5}, {"id": "Polda", "group": 5}, {"id": "Effendi", "group": 5}, {"id": "Jaleswari Pramodhawardani", "group": 5}, {"id": "Maruf", "group": 5}, {"id": "Maruf Amin", "group": 5}, {"id": "Indrianto Eko Suwarso", "group": 5}, {"id": "Sri Mulyani Indrawati", "group": 5}, {"id": "Piter Abdullah", "group": 5}, {"id": "Trump", "group": 5}, {"id": "Ryan", "group": 5}, {"id": "Alexander Sugandi", "group": 5}, {"id": "Ryan Kiryanto", "group": 5}, {"id": "Ibrahim", "group": 5}, {"id": "Josua", "group": 5}, {"id": "Donald Trump", "group": 5}, {"id": "Reza", "group": 5}, {"id": "Reza Priyambada", "group": 5}, {"id": "Frankie", "group": 5}, {"id": "Ira Aprillianto", "group": 5}, {"id": "Ira", "group": 5}, {"id": "Ira Aprilianto", "group": 5}, {"id": "Human Capital", "group": 5}, {"id": "Imam Budilaksono Editor", "group": 5}, {"id": "Syarief", "group": 5}, {"id": "Hadiyanto", "group": 5}, {"id": "Dow Jones Futures", "group": 5}, {"id": "Winarno", "group": 5}, {"id": "Soeharto", "group": 5}, {"id": "Sumarlin", "group": 5}, {"id": "Hartarto Sastrosoenarto", "group": 5}, {"id": "Syariefuddin Hasan", "group": 5}, {"id": "Yusuf", "group": 5}, {"id": "Syarief Hasan", "group": 5}, {"id": "Prof Abdul Haris", "group": 5}, {"id": "Nabil", "group": 5}, {"id": "Muchamad Nabil Haroen", "group": 5}, {"id": "Rizal Ramli", "group": 5}, {"id": "Mahfud", "group": 5}, {"id": "Lukman", "group": 5}, {"id": "Abdu Faisal Editor", "group": 5}, {"id": "Prof. Ari Kuncoro", "group": 5}, {"id": "Prof. Bambang PS Brodjonegoro", "group": 5}, {"id": "Sigid Kurniawan", "group": 5}, {"id": "Muhammad Ishak", "group": 5}, {"id": "Akhmad Akbar Susamto", "group": 5}, {"id": "Abdullah", "group": 5}, {"id": "Aulia Cendikia", "group": 5}, {"id": "Abdul Halim", "group": 5}, {"id": "Abdul Halim Iskandar", "group": 5}, {"id": "Ramayana", "group": 5}, {"id": "Nugroho", "group": 5}, {"id": "Rayi Abipraya Wahyuki", "group": 5}, {"id": "Amdar", "group": 5}, {"id": "Raden Edi Prio", "group": 5}, {"id": "Ida Fauziyah", "group": 5}, {"id": "Askolani", "group": 5}, {"id": "Amin", "group": 5}, {"id": "Saleh", "group": 5}, {"id": "Okky", "group": 5}, {"id": "Ali Mansur", "group": 5}, {"id": "Yana", "group": 5}, {"id": "Wawan", "group": 5}, {"id": "Ika", "group": 5}, {"id": "Buyung", "group": 5}, {"id": "Agus Suparman", "group": 5}, {"id": "Bernard", "group": 5}, {"id": "Mufidayati", "group": 5}, {"id": "Daulay", "group": 5}, {"id": "Arif Nurul Imam", "group": 5}, {"id": "Prabowo", "group": 5}, {"id": "Andi Gani Nena Wea", "group": 5}, {"id": "Ali Fikri", "group": 5}, {"id": "Lili", "group": 5}, {"id": "Imam Ghazali", "group": 5}, {"id": "Misbakhun", "group": 5}, {"id": "Akbar", "group": 5}, {"id": "Asmoro", "group": 5}, {"id": "Muhammad Hatta", "group": 5}, {"id": "Mahmoud Ahmadinejad", "group": 5}, {"id": "Ir Soekarno", "group": 5}, {"id": "Gatot Subroto", "group": 5}, {"id": "Fajar", "group": 5}, {"id": "Sulianti Suroso", "group": 5}, {"id": "Sutrisno", "group": 5}, {"id": "Harusnyalah", "group": 5}, {"id": "Joko Widodo ( Jokowi )", "group": 5}, {"id": "Wuhan", "group": 5}, {"id": "Bumi Langit Institut", "group": 5}, {"id": "Gatot Wahyudi", "group": 5}, {"id": "Gatot", "group": 5}, {"id": "Heri", "group": 5}, {"id": "Brazil", "group": 5}, {"id": "Yanti Sukamdani", "group": 5}, {"id": "Dr Syahganda Nainggolan", "group": 5}, {"id": "Bosla Familia", "group": 5}, {"id": "Hidayat", "group": 5}, {"id": "Suyanti", "group": 5}, {"id": "Ketut Kariyasa", "group": 5}, {"id": "Fadli", "group": 5}, {"id": "LaNyalla", "group": 5}, {"id": "Andi Jauhary", "group": 5}, {"id": "Frans Meroga Panggabean", "group": 5}, {"id": "Maruf Amin Way", "group": 5}, {"id": "Frans", "group": 5}, {"id": "Aminulah", "group": 5}, {"id": "Abdullah Puteh", "group": 5}, {"id": "Ahmad Bastian", "group": 5}, {"id": "JK", "group": 5}, {"id": "Nurul Arafah", "group": 5}, {"id": "La Nyalla Mahmud Mattalitti", "group": 5}, {"id": "Aminullah", "group": 5}, {"id": "Arafah", "group": 5}, {"id": "Fachrul", "group": 5}, {"id": "Mahfud Md", "group": 5}, {"id": "Megawati Soekarnoputri", "group": 5}, {"id": "Mufti", "group": 5}, {"id": "Empat Pilar Kebangsaan", "group": 5}, {"id": "Hendi", "group": 5}, {"id": "Hendrar Prihadi", "group": 5}, {"id": "Dini", "group": 5}, {"id": "Ali", "group": 5}, {"id": "Dini Purnowo", "group": 5}, {"id": "Ahmad Buchori Editor", "group": 5}, {"id": "Rosmaya Hadi", "group": 5}, {"id": "Muhammad Adimaja", "group": 5}, {"id": "Dini Purwono", "group": 5}, {"id": "Dito", "group": 5}, {"id": "Muhammad Nafan Aji", "group": 5}, {"id": "Apple", "group": 5}, {"id": "Prof Dr Muhammad Syakir", "group": 5}, {"id": "Dr Lukmanul Hakim", "group": 5}, {"id": "Hariyanto", "group": 5}, {"id": "Rusdianto Matulatuwa", "group": 5}, {"id": "Ganjar", "group": 5}, {"id": "Said Iqbal", "group": 5}, {"id": "Iuran", "group": 5}, {"id": "Ganjar Pranowo", "group": 5}, {"id": "Andi", "group": 5}, {"id": "Andi Samsan Nganro", "group": 5}, {"id": "Sulianti Saroso", "group": 5}, {"id": "Rerie", "group": 5}, {"id": "Fadli Ramadhanil", "group": 5}, {"id": "Henry Saragih", "group": 5}, {"id": "Dwi Gayati Editor", "group": 5}, {"id": "HS", "group": 5}, {"id": "Joko Widodo Jakarta", "group": 5}, {"id": "Luhut Binsar Pandjaitan", "group": 5}, {"id": "Bambang Kusmiarso", "group": 5}, {"id": "Bambang", "group": 5}, {"id": "Sarpon", "group": 5}, {"id": "Sri Mulyani (", "group": 5}, {"id": "Fajar Hirawan", "group": 5}, {"id": "Wira", "group": 5}, {"id": "Mukhtarudin", "group": 5}, {"id": "Irman", "group": 5}, {"id": "Kasan", "group": 5}, {"id": "Luhut", "group": 5}, {"id": "Suhanto", "group": 5}, {"id": "Mulyadi", "group": 5}, {"id": "Budi Sulistyono", "group": 5}, {"id": "Sugeng", "group": 5}, {"id": "Alfiansyah", "group": 5}, {"id": "Michael Jones", "group": 5}, {"id": "Ciaran Mulhall", "group": 5}, {"id": "Nafan Aji", "group": 5}, {"id": "Powell", "group": 5}, {"id": "Ronald Reagan", "group": 5}, {"id": "Robertus", "group": 5}, {"id": "Dennies", "group": 5}, {"id": "Raphael Bostic", "group": 5}, {"id": "Aso", "group": 5}, {"id": "Qasem Soleimani", "group": 5}, {"id": "Jim McCafferty", "group": 5}, {"id": "Kecuk", "group": 5}, {"id": "Siklus Menapaki", "group": 5}, {"id": "Edward Moya", "group": 5}, {"id": "M Nafan Aji Gusta Utama", "group": 5}, {"id": "Nafan", "group": 5}, {"id": "Hans Kwee", "group": 5}, {"id": "Paul Nolte", "group": 5}, {"id": "Nolte", "group": 5}, {"id": "Dow", "group": 5}, {"id": "Freedman", "group": 5}, {"id": "Jusuf Kalla", "group": 5}, {"id": "Sah! Maafkan", "group": 5}, {"id": "Hadi Tjahjanto (", "group": 5}, {"id": "Dow Jones", "group": 5}, {"id": "Deutsche Lufthansa AG", "group": 5}, {"id": "Jinping", "group": 5}, {"id": "Dow Jones Industrial Average", "group": 5}, {"id": "Stanley", "group": 5}, {"id": "Securities", "group": 5}, {"id": "Michael Matousek", "group": 5}, {"id": "Capital", "group": 5}, {"id": "Capital Markets", "group": 5}, {"id": "Alaska", "group": 5}, {"id": "Mnuchin", "group": 5}, {"id": "Act", "group": 5}, {"id": "Hans", "group": 5}, {"id": "Morganlander", "group": 5}, {"id": "Narendra Modi", "group": 5}, {"id": "Demokrat", "group": 5}, {"id": "Rosengard", "group": 5}, {"id": "Ebola", "group": 5}, {"id": "Cardillo", "group": 5}, {"id": "Macron", "group": 5}, {"id": "Nathalie Tocci", "group": 5}, {"id": "Depresi Hebat", "group": 5}, {"id": "Tai Wong", "group": 5}, {"id": "Emmanuel Macron", "group": 5}, {"id": "Prof Ari Kuncoro", "group": 5}, {"id": "Rektor", "group": 5}, {"id": "Susiwijono", "group": 5}, {"id": "Ronggo Astungkuro", "group": 5}, {"id": "Rusdianto", "group": 5}, {"id": "Erwin Riyanto", "group": 5}, {"id": "Erwin", "group": 5}, {"id": "Sandiaga", "group": 5}, {"id": "Ace Hasan Syadzily", "group": 5}, {"id": "Asokawati", "group": 5}, {"id": "Ramli", "group": 5}, {"id": "Asep", "group": 5}, {"id": "Parawansa", "group": 5}, {"id": "Steel", "group": 5}, {"id": "Muhammad Baiquni", "group": 5}], "links": [{"source": "Agus", "target": "Agus Ruli", "value": 1}, {"source": "Agus", "target": "Agus Ruli", "value": 1}, {"source": "Agus", "target": "Agus Suparmanto", "value": 1}, {"source": "Agus", "target": "Yunita Rusanti", "value": 1}, {"source": "Agus", "target": "Jokowi", "value": 1}, {"source": "Agus", "target": "Farma", "value": 1}, {"source": "Agus", "target": "Agus Salim Editor", "value": 1}, {"source": "Agus", "target": "Agus Suparmanto", "value": 1}, {"source": "Agus", "target": "Agus Salim", "value": 1}, {"source": "Agus", "target": "Jerry Sambuaga", "value": 1}, {"source": "Agus", "target": "Panky Tri Febiansyah", "value": 1}, {"source": "Agus", "target": "Agus Salim", "value": 1}, {"source": "Agus", "target": "Purwokerto Agus Chusaini", "value": 1}, {"source": "Agus", "target": "Agus Suparmanto", "value": 1}, {"source": "Agus", "target": "Agus Sartono", "value": 1}, {"source": "Agus", "target": "Agus Sartono", "value": 1}, {"source": "Agus", "target": "Mendikbud", "value": 1}, {"source": "Agus", "target": "Nadiem Beri Jatah", "value": 1}, {"source": "Agus", "target": "Agus Suparmanto", "value": 1}, {"source": "Agus", "target": "Agus Suparmanto", "value": 1}, {"source": "Agus", "target": "Agus Suparmanto", "value": 1}, {"source": "Agus", "target": "Nurdin Mokoginta", "value": 1}, {"source": "Agus", "target": "Agus Suparmanto", "value": 1}, {"source": "Agus", "target": "Agus Suparmanto", "value": 1}, {"source": "Agus", "target": "Arif Nasrudin", "value": 1}, {"source": "Agus", "target": "Agus Suparmanto", "value": 1}, {"source": "Agus", "target": "Panky", "value": 1}, {"source": "Agus", "target": "Sri", "value": 1}, {"source": "Agus", "target": "Panky Tri Febiansyah", "value": 1}, {"source": "Agus", "target": "Sri Mulyani", "value": 1}, {"source": "Agus", "target": "Rahayu Subekti Pemerintah", "value": 1}, {"source": "Agus", "target": "Budi", "value": 1}, {"source": "Agus", "target": "Agus Eko Nugroho", "value": 1}, {"source": "Agus", "target": "Budi Karya Sumadi", "value": 1}, {"source": "Agus", "target": "Agus Tauchid S", "value": 1}, {"source": "Agus", "target": "Joko Widodo", "value": 1}, {"source": "Agus", "target": "Agus Andrianto", "value": 1}, {"source": "Agus", "target": "Roll Royce", "value": 1}, {"source": "Agus", "target": "Agus Budiarto", "value": 1}, {"source": "Agus", "target": "Suryani SF Motik", "value": 1}, {"source": "Agus", "target": "Dewi. Dewi", "value": 1}, {"source": "Agus", "target": "Dhian", "value": 1}, {"source": "Agus", "target": "Agus Pambagio", "value": 1}, {"source": "Agus", "target": "Rachmat Sentika", "value": 1}, {"source": "Agus", "target": "Rachmat", "value": 1}, {"source": "Agus", "target": "Probhoyekti", "value": 1}, {"source": "Agus", "target": "Joko Widodo", "value": 1}, {"source": "Agus", "target": "Dhian", "value": 1}, {"source": "Agus", "target": "Agus Pambagio", "value": 1}, {"source": "Agus", "target": "Rachmat Sentika", "value": 1}, {"source": "Agus", "target": "Rachmat", "value": 1}, {"source": "Agus", "target": "Probhoyekti", "value": 1}, {"source": "Agus", "target": "Joko Widodo", "value": 1}, {"source": "Agus", "target": "Budi Suyanto", "value": 1}, {"source": "Agus", "target": "Agus Gumiwang Kartasasmita", "value": 1}, {"source": "Agus", "target": "Khayam", "value": 1}, {"source": "Agus", "target": "Muhammad Khayam", "value": 1}, {"source": "Agus", "target": "Agus Gumiwang Kartasasmita", "value": 1}, {"source": "Agus", "target": "Eko", "value": 1}, {"source": "Agus", "target": "Eko Cahyanto", "value": 1}, {"source": "Agus", "target": "Agus Gumiwang Kartasasmita", "value": 1}, {"source": "Agus", "target": "Agus Andrianto", "value": 1}, {"source": "Agus", "target": "Roll Royce", "value": 1}, {"source": "Agus", "target": "Agus Budiarto", "value": 1}, {"source": "Agus", "target": "Suryani SF Motik", "value": 1}, {"source": "Agus", "target": "Dewi. Dewi", "value": 1}, {"source": "Agus", "target": "Zakir", "value": 1}, {"source": "Agus", "target": "Zakir Machmud", "value": 1}, {"source": "Agus", "target": "Titik", "value": 1}, {"source": "Agus", "target": "Wahyu", "value": 1}, {"source": "Agus", "target": "Hariyadi", "value": 1}, {"source": "Agus", "target": "Sukamdani", "value": 1}, {"source": "Agus", "target": "Agus Gumiwang Kartasasmita", "value": 1}, {"source": "Agus", "target": "Ahmad Buchori", "value": 1}, {"source": "Agus", "target": "Sukamdani", "value": 1}, {"source": "Agus", "target": "Agus Gumiwang Kartasasmita", "value": 1}, {"source": "Agus", "target": "Agus Gumiwang Kartasasmita", "value": 1}, {"source": "Agus", "target": "Ahmad Wijaya", "value": 1}, {"source": "Agus", "target": "Agus Gumiwang Kartasasmita", "value": 1}, {"source": "Agus", "target": "Agus Gumiwang Kartasasmita", "value": 1}, {"source": "Agus", "target": "Adi Lazuardi", "value": 1}, {"source": "Agus", "target": "Agus Gumiwang Kartasasmita", "value": 1}, {"source": "Agus", "target": "Adi Lazuardi", "value": 1}, {"source": "Agus", "target": "Agus Gumiwang Kartasasmita", "value": 1}, {"source": "Agus", "target": "Adi Lazuardi", "value": 1}, {"source": "Agus", "target": "Agus Gumiwang Kartasasmita", "value": 1}, {"source": "Agus", "target": "Ahmad Buchori", "value": 1}, {"source": "Agus", "target": "Agus Gumiwang Kartasasmita", "value": 1}, {"source": "Agus", "target": "Airlangga Hartarto", "value": 1}, {"source": "Agus", "target": "Agus Gumiwang Kartasasmita", "value": 1}, {"source": "Agus", "target": "Agus Gumiwang Kartasasmita", "value": 1}, {"source": "Agus", "target": "Agus Gumiwang Kartasasmita", "value": 1}, {"source": "Agus", "target": "Hakim", "value": 1}, {"source": "Agus", "target": "Fian Aziz", "value": 1}, {"source": "Agus", "target": "Hakim Kisworo", "value": 1}, {"source": "Agus", "target": "Sukamdani", "value": 1}, {"source": "Agus", "target": "Hariyadi", "value": 1}, {"source": "Agus", "target": "Sukamdani", "value": 1}, {"source": "Agus", "target": "Hariyadi", "value": 1}, {"source": "Agus", "target": "Zakir", "value": 1}, {"source": "Sri Mulyani Indrawati", "target": "Saril", "value": 1}, {"source": "Sri Mulyani Indrawati", "target": "Suhariyanto", "value": 1}, {"source": "Sri Mulyani Indrawati", "target": "Saril", "value": 1}, {"source": "Sri Mulyani Indrawati", "target": "Suhariyanto", "value": 1}, {"source": "Sri Mulyani Indrawati", "target": "Saril", "value": 1}, {"source": "Sri Mulyani Indrawati", "target": "Suhariyanto", "value": 1}, {"source": "Sri Mulyani Indrawati", "target": "Jokowi", "value": 1}, {"source": "Sri Mulyani Indrawati", "target": "Joko Widodo", "value": 1}, {"source": "Sri Mulyani Indrawati", "target": "Faisal Yunianto", "value": 1}, {"source": "Sri Mulyani Indrawati", "target": "Said Abdullah", "value": 1}, {"source": "Sri Mulyani Indrawati", "target": "Jokowi", "value": 1}, {"source": "Sri Mulyani Indrawati", "target": "Joko Widodo", "value": 1}, {"source": "Sri Mulyani Indrawati", "target": "Faisal Yunianto", "value": 1}, {"source": "Sri Mulyani Indrawati", "target": "Said Abdullah", "value": 1}, {"source": "Sri Mulyani Indrawati", "target": "Arief Pribadi Editor", "value": 1}, {"source": "Sri Mulyani Indrawati", "target": "Sri Mulyani", "value": 1}, {"source": "Sri Mulyani Indrawati", "target": "Arief Pribadi Editor", "value": 1}, {"source": "Sri Mulyani Indrawati", "target": "Airlangga Hartarto", "value": 1}, {"source": "Sri Mulyani Indrawati", "target": "Ahmad Wijaya", "value": 1}, {"source": "Sri Mulyani Indrawati", "target": "Pengganti", "value": 1}, {"source": "Sri Mulyani Indrawati", "target": "Yasonna", "value": 1}, {"source": "Sri Mulyani Indrawati", "target": "Perry Warjiyo", "value": 1}, {"source": "Sri Mulyani Indrawati", "target": "Ridwan Djamaluddin", "value": 1}, {"source": "Sri Mulyani Indrawati", "target": "Joko Widodo", "value": 1}, {"source": "Sri Mulyani Indrawati", "target": "Airlangga Hartarto", "value": 1}, {"source": "Sri Mulyani Indrawati", "target": "Yunita Rusanti", "value": 1}, {"source": "Sri Mulyani Indrawati", "target": "Perry Warjiyo", "value": 1}, {"source": "Sri Mulyani Indrawati", "target": "Joko Widodo", "value": 1}, {"source": "Sri Mulyani Indrawati", "target": "Ahmad Buchori", "value": 1}, {"source": "Sri Mulyani Indrawati", "target": "Abdul Hamid", "value": 1}, {"source": "Sri Mulyani Indrawati", "target": "Joko Widodo (Jokowi)", "value": 1}, {"source": "Sri Mulyani Indrawati", "target": "Faisal Basri", "value": 1}, {"source": "Sri Mulyani Indrawati", "target": "Ahmad Wijaya", "value": 1}, {"source": "Sri Mulyani Indrawati", "target": "Alexander Adrianto Tjahyadi", "value": 1}, {"source": "Sri Mulyani Indrawati", "target": "Eko Listiyanto", "value": 1}, {"source": "Sri Mulyani Indrawati", "target": "Airlangga Hartarto", "value": 1}, {"source": "Sri Mulyani Indrawati", "target": "JB Sumarlin", "value": 1}, {"source": "Sri Mulyani Indrawati", "target": "Bondan Winarno", "value": 1}, {"source": "Sri Mulyani Indrawati", "target": "Sri Mulyani", "value": 1}, {"source": "Sri Mulyani Indrawati", "target": "Eko Listiyanto", "value": 1}, {"source": "Sri Mulyani Indrawati", "target": "Airlangga Hartarto", "value": 1}, {"source": "Sri Mulyani Indrawati", "target": "JB Sumarlin", "value": 1}, {"source": "Sri Mulyani Indrawati", "target": "Bondan Winarno", "value": 1}, {"source": "Sri Mulyani Indrawati", "target": "Sri Mulyani", "value": 1}, {"source": "Sri Mulyani Indrawati", "target": "Sri Mulyani", "value": 1}, {"source": "Sri Mulyani Indrawati", "target": "Budi Suyanto", "value": 1}, {"source": "Sri Mulyani Indrawati", "target": "Sri Mulyani", "value": 1}, {"source": "Sri Mulyani Indrawati", "target": "Budi Suyanto", "value": 1}, {"source": "Sri Mulyani Indrawati", "target": "Sri Mulyani", "value": 1}, {"source": "Sri Mulyani Indrawati", "target": "Budi Suyanto", "value": 1}, {"source": "Sri Mulyani Indrawati", "target": "Bhima Yudhistira", "value": 1}, {"source": "Sri Mulyani Indrawati", "target": "Faisal", "value": 1}, {"source": "Sri Mulyani Indrawati", "target": "Sri Mulyani", "value": 1}, {"source": "Sri Mulyani Indrawati", "target": "Bhima Yudhistira", "value": 1}, {"source": "Sri Mulyani Indrawati", "target": "Faisal", "value": 1}, {"source": "Sri Mulyani Indrawati", "target": "Sri Mulyani", "value": 1}, {"source": "Sri Mulyani Indrawati", "target": "Airlangga", "value": 1}, {"source": "Sri Mulyani Indrawati", "target": "Airlangga", "value": 1}, {"source": "Sri Mulyani Indrawati", "target": "Sri Mulyani", "value": 1}, {"source": "Sri Mulyani Indrawati", "target": "Perry", "value": 1}, {"source": "Sri Mulyani Indrawati", "target": "Piter", "value": 1}, {"source": "Sri Mulyani Indrawati", "target": "Sri Mulyani", "value": 1}, {"source": "Sri Mulyani Indrawati", "target": "Kamrussamad", "value": 1}, {"source": "Sri Mulyani Indrawati", "target": "Agus", "value": 1}, {"source": "Sri Mulyani Indrawati", "target": "Panky", "value": 1}, {"source": "Sri Mulyani Indrawati", "target": "Sri", "value": 1}, {"source": "Sri Mulyani Indrawati", "target": "Panky Tri Febiansyah", "value": 1}, {"source": "Sri Mulyani Indrawati", "target": "Sri Mulyani", "value": 1}, {"source": "Sri Mulyani Indrawati", "target": "Rahayu Subekti Pemerintah", "value": 1}, {"source": "Sri Mulyani Indrawati", "target": "Budi", "value": 1}, {"source": "Sri Mulyani Indrawati", "target": "Agus Eko Nugroho", "value": 1}, {"source": "Sri Mulyani Indrawati", "target": "Budi Karya Sumadi", "value": 1}, {"source": "Sri Mulyani Indrawati", "target": "Budi Suyanto", "value": 1}, {"source": "Sri Mulyani Indrawati", "target": "Sri Mulyani", "value": 1}, {"source": "Sri Mulyani Indrawati", "target": "Sri Mulyani", "value": 1}, {"source": "Sri Mulyani Indrawati", "target": "Ahmad Wijaya", "value": 1}, {"source": "Sri Mulyani Indrawati", "target": "Sri Mulyani", "value": 1}, {"source": "Sri Mulyani Indrawati", "target": "Ahmad Wijaya", "value": 1}, {"source": "Sri Mulyani Indrawati", "target": "Sri Mulyani", "value": 1}, {"source": "Sri Mulyani Indrawati", "target": "Ahmad Buchori", "value": 1}, {"source": "Sri Mulyani Indrawati", "target": "Sri Mulyani", "value": 1}, {"source": "Sri Mulyani Indrawati", "target": "Sri Mulyani", "value": 1}, {"source": "Sri Mulyani Indrawati", "target": "Airlangga Hartarto)", "value": 1}, {"source": "Sri Mulyani Indrawati", "target": "Arief Pribadi Editor", "value": 1}, {"source": "Sri Mulyani Indrawati", "target": "Sri Mulyani", "value": 1}, {"source": "Sri Mulyani Indrawati", "target": "Sandiaga Uno", "value": 1}, {"source": "Sri Mulyani Indrawati", "target": "Agus Suparmanto", "value": 1}, {"source": "Sri Mulyani Indrawati", "target": "Prof DR Baharuddin Lipat", "value": 1}, {"source": "Sri Mulyani Indrawati", "target": "Sri Mulyani", "value": 1}, {"source": "Sri Mulyani Indrawati", "target": "Polda", "value": 1}, {"source": "Sri Mulyani Indrawati", "target": "Effendi", "value": 1}, {"source": "Sri Mulyani Indrawati", "target": "Jaleswari Pramodhawardani", "value": 1}, {"source": "Sri Mulyani Indrawati", "target": "Sri Mulyani", "value": 1}, {"source": "Sri Mulyani Indrawati", "target": "Sri Mulyani", "value": 1}, {"source": "Sri Mulyani Indrawati", "target": "Sri Mulyani", "value": 1}, {"source": "Sri Mulyani Indrawati", "target": "Sri Mulyani", "value": 1}, {"source": "Sri Mulyani Indrawati", "target": "Sri Mulyani", "value": 1}, {"source": "Sri Mulyani Indrawati", "target": "Sri Mulyani", "value": 1}, {"source": "Sri Mulyani Indrawati", "target": "Maruf", "value": 1}, {"source": "Sri Mulyani Indrawati", "target": "Maruf Amin", "value": 1}, {"source": "Perry Warjiyo", "target": "Ahmad Buchori", "value": 1}, {"source": "Perry Warjiyo", "target": "Perry", "value": 1}, {"source": "Perry Warjiyo", "target": "Ahmad Wijaya", "value": 1}, {"source": "Perry Warjiyo", "target": "Ridwan Djamaluddin", "value": 1}, {"source": "Perry Warjiyo", "target": "Joko Widodo", "value": 1}, {"source": "Perry Warjiyo", "target": "Ahmad Buchori", "value": 1}, {"source": "Perry Warjiyo", "target": "Perry", "value": 1}, {"source": "Perry Warjiyo", "target": "Indrianto Eko Suwarso", "value": 1}, {"source": "Perry Warjiyo", "target": "Sri Mulyani", "value": 1}, {"source": "Perry Warjiyo", "target": "Joko Widodo (Jokowi)", "value": 1}, {"source": "Perry Warjiyo", "target": "Joko Widodo", "value": 1}, {"source": "Perry Warjiyo", "target": "Ahmad Buchori", "value": 1}, {"source": "Perry Warjiyo", "target": "Sri Mulyani Indrawati", "value": 1}, {"source": "Perry Warjiyo", "target": "Abdul Hamid", "value": 1}, {"source": "Perry Warjiyo", "target": "Joko Widodo (Jokowi)", "value": 1}, {"source": "Perry Warjiyo", "target": "Joko Widodo", "value": 1}, {"source": "Perry Warjiyo", "target": "Arief Pribadi Editor", "value": 1}, {"source": "Perry Warjiyo", "target": "Faisal Yunianto", "value": 1}, {"source": "Perry Warjiyo", "target": "Perry", "value": 1}, {"source": "Perry Warjiyo", "target": "Arief Pribadi Editor", "value": 1}, {"source": "Perry Warjiyo", "target": "Faisal Yunianto", "value": 1}, {"source": "Perry Warjiyo", "target": "Perry", "value": 1}, {"source": "Perry Warjiyo", "target": "Arief Pribadi Editor", "value": 1}, {"source": "Perry Warjiyo", "target": "Faisal Yunianto", "value": 1}, {"source": "Perry Warjiyo", "target": "Perry", "value": 1}, {"source": "Perry Warjiyo", "target": "Arief Pribadi Editor", "value": 1}, {"source": "Perry Warjiyo", "target": "Faisal Yunianto", "value": 1}, {"source": "Perry Warjiyo", "target": "Perry", "value": 1}, {"source": "Perry Warjiyo", "target": "Piter Abdullah", "value": 1}, {"source": "Perry Warjiyo", "target": "Perry", "value": 1}, {"source": "Perry Warjiyo", "target": "Perry", "value": 1}, {"source": "Perry Warjiyo", "target": "Trump", "value": 1}, {"source": "Perry Warjiyo", "target": "Perry", "value": 1}, {"source": "Perry Warjiyo", "target": "Perry", "value": 1}, {"source": "Perry Warjiyo", "target": "Perry", "value": 1}, {"source": "Perry Warjiyo", "target": "Perry", "value": 1}, {"source": "Perry Warjiyo", "target": "Perry", "value": 1}, {"source": "Perry Warjiyo", "target": "Perry", "value": 1}, {"source": "Perry Warjiyo", "target": "Perry", "value": 1}, {"source": "Perry Warjiyo", "target": "Perry", "value": 1}, {"source": "Perry Warjiyo", "target": "Perry", "value": 1}, {"source": "Perry Warjiyo", "target": "Ryan", "value": 1}, {"source": "Perry Warjiyo", "target": "Alexander Sugandi", "value": 1}, {"source": "Perry Warjiyo", "target": "Perry", "value": 1}, {"source": "Perry Warjiyo", "target": "Ryan Kiryanto", "value": 1}, {"source": "Perry Warjiyo", "target": "Perry", "value": 1}, {"source": "Perry Warjiyo", "target": "Eko Listiyanto", "value": 1}, {"source": "Perry Warjiyo", "target": "Eko", "value": 1}, {"source": "Perry Warjiyo", "target": "Perry", "value": 1}, {"source": "Perry Warjiyo", "target": "Ibrahim", "value": 1}, {"source": "Perry Warjiyo", "target": "Perry", "value": 1}, {"source": "Perry Warjiyo", "target": "Perry", "value": 1}, {"source": "Perry Warjiyo", "target": "Perry", "value": 1}, {"source": "Perry Warjiyo", "target": "Said Abdullah", "value": 1}, {"source": "Perry Warjiyo", "target": "Sri Mulyani", "value": 1}, {"source": "Perry Warjiyo", "target": "Sri Mulyani", "value": 1}, {"source": "Perry Warjiyo", "target": "Perry", "value": 1}, {"source": "Perry Warjiyo", "target": "Perry", "value": 1}, {"source": "Perry Warjiyo", "target": "Jokowi", "value": 1}, {"source": "Perry Warjiyo", "target": "Suhariyanto", "value": 1}, {"source": "Perry Warjiyo", "target": "Perry", "value": 1}, {"source": "Perry Warjiyo", "target": "Perry", "value": 1}, {"source": "Perry Warjiyo", "target": "Perry", "value": 1}, {"source": "Perry Warjiyo", "target": "Perry", "value": 1}, {"source": "Perry Warjiyo", "target": "Perry", "value": 1}, {"source": "Perry Warjiyo", "target": "Perry", "value": 1}, {"source": "Perry Warjiyo", "target": "Josua", "value": 1}, {"source": "Perry Warjiyo", "target": "Perry", "value": 1}, {"source": "Perry Warjiyo", "target": "Perry", "value": 1}, {"source": "Perry Warjiyo", "target": "Donald Trump", "value": 1}, {"source": "Perry Warjiyo", "target": "Perry", "value": 1}, {"source": "Perry Warjiyo", "target": "Perry", "value": 1}, {"source": "Perry Warjiyo", "target": "Perry", "value": 1}, {"source": "Perry Warjiyo", "target": "Perry", "value": 1}, {"source": "Perry Warjiyo", "target": "Perry", "value": 1}, {"source": "Perry Warjiyo", "target": "Perry", "value": 1}, {"source": "Perry Warjiyo", "target": "Perry", "value": 1}, {"source": "Perry Warjiyo", "target": "Perry", "value": 1}, {"source": "Perry Warjiyo", "target": "Perry", "value": 1}, {"source": "Perry Warjiyo", "target": "Reza", "value": 1}, {"source": "Perry Warjiyo", "target": "Reza Priyambada", "value": 1}, {"source": "Perry Warjiyo", "target": "Frankie", "value": 1}, {"source": "Perry Warjiyo", "target": "Perry", "value": 1}, {"source": "Perry Warjiyo", "target": "Perry", "value": 1}, {"source": "Perry Warjiyo", "target": "Ira Aprillianto", "value": 1}, {"source": "Perry Warjiyo", "target": "Ira", "value": 1}, {"source": "Perry Warjiyo", "target": "Ira Aprilianto", "value": 1}, {"source": "Perry Warjiyo", "target": "Perry", "value": 1}, {"source": "Perry Warjiyo", "target": "Joko Widodo", "value": 1}, {"source": "Perry Warjiyo", "target": "Joko Widodo", "value": 1}, {"source": "Perry Warjiyo", "target": "Perry", "value": 1}, {"source": "Perry Warjiyo", "target": "Perry", "value": 1}, {"source": "Perry Warjiyo", "target": "Perry", "value": 1}, {"source": "Perry Warjiyo", "target": "Human Capital", "value": 1}, {"source": "Perry Warjiyo", "target": "Perry", "value": 1}, {"source": "Perry Warjiyo", "target": "Perry", "value": 1}, {"source": "Perry Warjiyo", "target": "Sri Mulyani", "value": 1}, {"source": "Perry Warjiyo", "target": "Budi Karya Sumadi", "value": 1}, {"source": "Perry Warjiyo", "target": "Airlangga Hartarto", "value": 1}, {"source": "Perry Warjiyo", "target": "Airlangga", "value": 1}, {"source": "Sri Mulyani", "target": "Imam Budilaksono Editor", "value": 1}, {"source": "Sri Mulyani", "target": "Syarief", "value": 1}, {"source": "Sri Mulyani", "target": "Joko Widodo (Jokowi)", "value": 1}, {"source": "Sri Mulyani", "target": "Ahmad Buchori", "value": 1}, {"source": "Sri Mulyani", "target": "Faisal Yunianto", "value": 1}, {"source": "Sri Mulyani", "target": "Hadiyanto", "value": 1}, {"source": "Sri Mulyani", "target": "Faisal Yunianto", "value": 1}, {"source": "Sri Mulyani", "target": "Hadiyanto", "value": 1}, {"source": "Sri Mulyani", "target": "Budi Suyanto", "value": 1}, {"source": "Sri Mulyani", "target": "Budi Suyanto", "value": 1}, {"source": "Sri Mulyani", "target": "Budi Suyanto", "value": 1}, {"source": "Sri Mulyani", "target": "Ridwan Djamaluddin", "value": 1}, {"source": "Sri Mulyani", "target": "Joko Widodo (Jokowi)", "value": 1}, {"source": "Sri Mulyani", "target": "Joko Widodo (Jokowi)", "value": 1}, {"source": "Sri Mulyani", "target": "Dow Jones Futures", "value": 1}, {"source": "Sri Mulyani", "target": "Budi Karya Sumadi", "value": 1}, {"source": "Sri Mulyani", "target": "Airlangga Hartarto", "value": 1}, {"source": "Sri Mulyani", "target": "Airlangga", "value": 1}, {"source": "Sri Mulyani", "target": "Budi Karya Sumadi", "value": 1}, {"source": "Sri Mulyani", "target": "Airlangga Hartarto", "value": 1}, {"source": "Sri Mulyani", "target": "Airlangga", "value": 1}, {"source": "Sri Mulyani", "target": "Eko Listiyanto", "value": 1}, {"source": "Sri Mulyani", "target": "Winarno", "value": 1}, {"source": "Sri Mulyani", "target": "Soeharto", "value": 1}, {"source": "Sri Mulyani", "target": "Airlangga Hartarto", "value": 1}, {"source": "Sri Mulyani", "target": "Sumarlin", "value": 1}, {"source": "Sri Mulyani", "target": "Hartarto Sastrosoenarto", "value": 1}, {"source": "Sri Mulyani", "target": "Sri Mulyani Indrawati", "value": 1}, {"source": "Sri Mulyani", "target": "Airlangga", "value": 1}, {"source": "Sri Mulyani", "target": "Eko Listiyanto", "value": 1}, {"source": "Sri Mulyani", "target": "Winarno", "value": 1}, {"source": "Sri Mulyani", "target": "Soeharto", "value": 1}, {"source": "Sri Mulyani", "target": "Airlangga Hartarto", "value": 1}, {"source": "Sri Mulyani", "target": "Sumarlin", "value": 1}, {"source": "Sri Mulyani", "target": "Hartarto Sastrosoenarto", "value": 1}, {"source": "Sri Mulyani", "target": "Sri Mulyani Indrawati", "value": 1}, {"source": "Sri Mulyani", "target": "Airlangga", "value": 1}, {"source": "Sri Mulyani", "target": "Syariefuddin Hasan", "value": 1}, {"source": "Sri Mulyani", "target": "Sri", "value": 1}, {"source": "Sri Mulyani", "target": "Yusuf", "value": 1}, {"source": "Sri Mulyani", "target": "Sri", "value": 1}, {"source": "Sri Mulyani", "target": "Yusuf", "value": 1}, {"source": "Sri Mulyani", "target": "Syarief", "value": 1}, {"source": "Sri Mulyani", "target": "Syarief Hasan", "value": 1}, {"source": "Sri Mulyani", "target": "Syarief", "value": 1}, {"source": "Sri Mulyani", "target": "Syarief Hasan", "value": 1}, {"source": "Sri Mulyani", "target": "Sri", "value": 1}, {"source": "Sri Mulyani", "target": "Prof Abdul Haris", "value": 1}, {"source": "Sri Mulyani", "target": "Airlangga", "value": 1}, {"source": "Sri Mulyani", "target": "Airlangga Hartarto", "value": 1}, {"source": "Sri Mulyani", "target": "Nabil", "value": 1}, {"source": "Sri Mulyani", "target": "Muchamad Nabil Haroen", "value": 1}, {"source": "Sri Mulyani", "target": "Sri", "value": 1}, {"source": "Sri Mulyani", "target": "Sri", "value": 1}, {"source": "Sri Mulyani", "target": "Rizal Ramli", "value": 1}, {"source": "Sri Mulyani", "target": "Mahfud", "value": 1}, {"source": "Sri Mulyani", "target": "Joko Widodo (Jokowi)", "value": 1}, {"source": "Sri Mulyani", "target": "Airlangga Hartarto", "value": 1}, {"source": "Sri Mulyani", "target": "Rahayu Subekti Pemerintah", "value": 1}, {"source": "Sri Mulyani", "target": "Budi", "value": 1}, {"source": "Sri Mulyani", "target": "Agus Eko Nugroho", "value": 1}, {"source": "Sri Mulyani", "target": "Budi Karya Sumadi", "value": 1}, {"source": "Sri Mulyani", "target": "Sri", "value": 1}, {"source": "Sri Mulyani", "target": "Lukman", "value": 1}, {"source": "Sri Mulyani", "target": "Sri", "value": 1}, {"source": "Sri Mulyani", "target": "Sri", "value": 1}, {"source": "Sri Mulyani", "target": "Sri", "value": 1}, {"source": "Sri Mulyani", "target": "Ahmad Wijaya", "value": 1}, {"source": "Sri Mulyani", "target": "Ahmad Wijaya", "value": 1}, {"source": "Sri Mulyani", "target": "Ahmad Buchori", "value": 1}, {"source": "Sri Mulyani", "target": "Ahmad Wijaya", "value": 1}, {"source": "Sri Mulyani", "target": "Abdu Faisal Editor", "value": 1}, {"source": "Sri Mulyani", "target": "Prof. Ari Kuncoro", "value": 1}, {"source": "Sri Mulyani", "target": "Prof. Bambang PS Brodjonegoro", "value": 1}, {"source": "Sri Mulyani", "target": "Sigid Kurniawan", "value": 1}, {"source": "Sri Mulyani", "target": "Muhammad Ishak", "value": 1}, {"source": "Sri Mulyani", "target": "Akhmad Akbar Susamto", "value": 1}, {"source": "Sri Mulyani", "target": "Joko Widodo", "value": 1}, {"source": "Sri Mulyani", "target": "Abdullah", "value": 1}, {"source": "Sri Mulyani", "target": "Aulia Cendikia", "value": 1}, {"source": "Sri Mulyani", "target": "Abdul Halim", "value": 1}, {"source": "Sri Mulyani", "target": "Abdul Halim Iskandar", "value": 1}, {"source": "Sri Mulyani", "target": "Ramayana", "value": 1}, {"source": "Sri Mulyani", "target": "Airlangga", "value": 1}, {"source": "Sri Mulyani", "target": "Nugroho", "value": 1}, {"source": "Sri Mulyani", "target": "Rayi Abipraya Wahyuki", "value": 1}, {"source": "Sri Mulyani", "target": "Amdar", "value": 1}, {"source": "Sri Mulyani", "target": "Airlangga Hartarto", "value": 1}, {"source": "Sri Mulyani", "target": "Raden Edi Prio", "value": 1}, {"source": "Sri Mulyani", "target": "Ida Fauziyah", "value": 1}, {"source": "Sri Mulyani", "target": "Joko Widodo", "value": 1}, {"source": "Sri Mulyani", "target": "Askolani", "value": 1}, {"source": "Sri Mulyani", "target": "Amin", "value": 1}, {"source": "Sri Mulyani", "target": "Amin", "value": 1}, {"source": "Sri Mulyani", "target": "Sri", "value": 1}, {"source": "Sri Mulyani", "target": "Sri", "value": 1}, {"source": "Sri Mulyani", "target": "Saleh", "value": 1}, {"source": "Sri Mulyani", "target": "Okky", "value": 1}, {"source": "Sri Mulyani", "target": "Airlangga", "value": 1}, {"source": "Sri Mulyani", "target": "Ali Mansur", "value": 1}, {"source": "Airlangga", "target": "Airlangga Hartarto", "value": 1}, {"source": "Airlangga", "target": "Jokowi", "value": 1}, {"source": "Airlangga", "target": "Airlangga Hartarto", "value": 1}, {"source": "Airlangga", "target": "Jokowi", "value": 1}, {"source": "Airlangga", "target": "Airlangga Hartarto", "value": 1}, {"source": "Airlangga", "target": "Jokowi", "value": 1}, {"source": "Airlangga", "target": "Airlangga Hartarto", "value": 1}, {"source": "Airlangga", "target": "Jokowi", "value": 1}, {"source": "Airlangga", "target": "Sri Mulyani Indrawati", "value": 1}, {"source": "Airlangga", "target": "Eko Listiyanto", "value": 1}, {"source": "Airlangga", "target": "Airlangga Hartarto", "value": 1}, {"source": "Airlangga", "target": "JB Sumarlin", "value": 1}, {"source": "Airlangga", "target": "Bondan Winarno", "value": 1}, {"source": "Airlangga", "target": "Sri Mulyani", "value": 1}, {"source": "Airlangga", "target": "Sri Mulyani Indrawati", "value": 1}, {"source": "Airlangga", "target": "Eko Listiyanto", "value": 1}, {"source": "Airlangga", "target": "Airlangga Hartarto", "value": 1}, {"source": "Airlangga", "target": "JB Sumarlin", "value": 1}, {"source": "Airlangga", "target": "Bondan Winarno", "value": 1}, {"source": "Airlangga", "target": "Sri Mulyani", "value": 1}, {"source": "Airlangga", "target": "Airlangga Hartarto", "value": 1}, {"source": "Airlangga", "target": "Airlangga Hartarto", "value": 1}, {"source": "Airlangga", "target": "Airlangga Hartarto", "value": 1}, {"source": "Airlangga", "target": "Airlangga Hartarto", "value": 1}, {"source": "Airlangga", "target": "Airlangga Hartarto", "value": 1}, {"source": "Airlangga", "target": "Airlangga Hartarto", "value": 1}, {"source": "Airlangga", "target": "Airlangga Hartarto", "value": 1}, {"source": "Airlangga", "target": "Jokowi", "value": 1}, {"source": "Airlangga", "target": "Joko Widodo", "value": 1}, {"source": "Airlangga", "target": "Joko Widodo (Jokowi)", "value": 1}, {"source": "Airlangga", "target": "Airlangga Hartarto", "value": 1}, {"source": "Airlangga", "target": "Yana", "value": 1}, {"source": "Airlangga", "target": "Wawan", "value": 1}, {"source": "Airlangga", "target": "Ika", "value": 1}, {"source": "Airlangga", "target": "Airlangga Hartarto", "value": 1}, {"source": "Airlangga", "target": "Buyung", "value": 1}, {"source": "Airlangga", "target": "Agus Suparman", "value": 1}, {"source": "Airlangga", "target": "Buyung", "value": 1}, {"source": "Airlangga", "target": "Agus Suparman", "value": 1}, {"source": "Airlangga", "target": "Buyung", "value": 1}, {"source": "Airlangga", "target": "Agus Suparman", "value": 1}, {"source": "Airlangga", "target": "Buyung", "value": 1}, {"source": "Airlangga", "target": "Agus Suparman", "value": 1}, {"source": "Airlangga", "target": "Joko Widodo (Jokowi)", "value": 1}, {"source": "Airlangga", "target": "Airlangga Hartarto", "value": 1}, {"source": "Airlangga", "target": "Sri Mulyani", "value": 1}, {"source": "Airlangga", "target": "Joko Widodo (Jokowi)", "value": 1}, {"source": "Airlangga", "target": "Airlangga Hartarto", "value": 1}, {"source": "Airlangga", "target": "Joko Widodo", "value": 1}, {"source": "Airlangga", "target": "Maruf Amin", "value": 1}, {"source": "Airlangga", "target": "Airlangga Hartarto", "value": 1}, {"source": "Airlangga", "target": "JB Sumarlin", "value": 1}, {"source": "Airlangga", "target": "Hartarto Sastrosoenarto", "value": 1}, {"source": "Airlangga", "target": "Airlangga Hartarto", "value": 1}, {"source": "Airlangga", "target": "Bernard", "value": 1}, {"source": "Airlangga", "target": "Airlangga Hartarto", "value": 1}, {"source": "Airlangga", "target": "Airlangga Hartarto", "value": 1}, {"source": "Airlangga", "target": "Airlangga Hartarto", "value": 1}, {"source": "Airlangga", "target": "Airlangga Hartarto", "value": 1}, {"source": "Airlangga", "target": "Jokowi", "value": 1}, {"source": "Airlangga", "target": "Airlangga Hartarto", "value": 1}, {"source": "Airlangga", "target": "Nugroho", "value": 1}, {"source": "Airlangga", "target": "Rayi Abipraya Wahyuki", "value": 1}, {"source": "Airlangga", "target": "Amdar", "value": 1}, {"source": "Airlangga", "target": "Airlangga Hartarto", "value": 1}, {"source": "Airlangga", "target": "Raden Edi Prio", "value": 1}, {"source": "Airlangga", "target": "Ida Fauziyah", "value": 1}, {"source": "Airlangga", "target": "Joko Widodo", "value": 1}, {"source": "Airlangga", "target": "Askolani", "value": 1}, {"source": "Airlangga", "target": "Ali Mansur", "value": 1}, {"source": "Airlangga", "target": "Mufidayati", "value": 1}, {"source": "Airlangga", "target": "Daulay", "value": 1}, {"source": "Airlangga", "target": "Jokowi", "value": 1}, {"source": "Airlangga", "target": "Airlangga Hartarto", "value": 1}, {"source": "Airlangga", "target": "Ali Mansur", "value": 1}, {"source": "Airlangga", "target": "Mufidayati", "value": 1}, {"source": "Airlangga", "target": "Daulay", "value": 1}, {"source": "Airlangga", "target": "Jokowi", "value": 1}, {"source": "Airlangga", "target": "Airlangga Hartarto", "value": 1}, {"source": "Airlangga", "target": "Arif Nurul Imam", "value": 1}, {"source": "Airlangga", "target": "Airlangga Hartarto", "value": 1}, {"source": "Airlangga", "target": "Arif Nurul Imam", "value": 1}, {"source": "Airlangga", "target": "Airlangga Hartarto", "value": 1}, {"source": "Airlangga", "target": "Airlangga Hartarto", "value": 1}, {"source": "Airlangga", "target": "Airlangga Hartarto", "value": 1}, {"source": "Airlangga", "target": "Airlangga Hartarto", "value": 1}, {"source": "Airlangga", "target": "Ali Mansur", "value": 1}, {"source": "Airlangga", "target": "Mufidayati", "value": 1}, {"source": "Airlangga", "target": "Daulay", "value": 1}, {"source": "Airlangga", "target": "Jokowi", "value": 1}, {"source": "Airlangga", "target": "Airlangga Hartarto", "value": 1}, {"source": "Airlangga", "target": "Sri Mulyani Indrawati", "value": 1}, {"source": "Airlangga", "target": "Airlangga Hartarto", "value": 1}, {"source": "Airlangga", "target": "Joko Widodo", "value": 1}, {"source": "Airlangga", "target": "Budi Suyanto", "value": 1}, {"source": "Airlangga", "target": "Jokowi", "value": 1}, {"source": "Airlangga", "target": "Airlangga Hartarto", "value": 1}, {"source": "Airlangga", "target": "Airlangga Hartarto", "value": 1}, {"source": "Airlangga", "target": "Airlangga Hartarto", "value": 1}, {"source": "Airlangga", "target": "Joko Widodo", "value": 1}, {"source": "Jokowi", "target": "Joko Widodo", "value": 1}, {"source": "Jokowi", "target": "Faisal Yunianto", "value": 1}, {"source": "Jokowi", "target": "Said Abdullah", "value": 1}, {"source": "Jokowi", "target": "Joko Widodo", "value": 1}, {"source": "Jokowi", "target": "Faisal Yunianto", "value": 1}, {"source": "Jokowi", "target": "Said Abdullah", "value": 1}, {"source": "Jokowi", "target": "Perry", "value": 1}, {"source": "Jokowi", "target": "Agus Gumiwang Kartasasmita", "value": 1}, {"source": "Jokowi", "target": "Perry Warjiyo", "value": 1}, {"source": "Jokowi", "target": "Indrianto Eko Suwarso", "value": 1}, {"source": "Jokowi", "target": "Sri Mulyani", "value": 1}, {"source": "Jokowi", "target": "Joko Widodo (Jokowi)", "value": 1}, {"source": "Jokowi", "target": "Farma", "value": 1}, {"source": "Jokowi", "target": "Agus Salim Editor", "value": 1}, {"source": "Jokowi", "target": "Joko Widodo (Jokowi)", "value": 1}, {"source": "Jokowi", "target": "Joko Widodo (Jokowi)", "value": 1}, {"source": "Jokowi", "target": "Joko Widodo (Jokowi)", "value": 1}, {"source": "Jokowi", "target": "Prabowo", "value": 1}, {"source": "Jokowi", "target": "Andi Gani Nena Wea", "value": 1}, {"source": "Jokowi", "target": "Ali Fikri", "value": 1}, {"source": "Jokowi", "target": "Joko Widodo", "value": 1}, {"source": "Jokowi", "target": "Lili", "value": 1}, {"source": "Jokowi", "target": "Imam Budilaksono Editor", "value": 1}, {"source": "Jokowi", "target": "Imam Ghazali", "value": 1}, {"source": "Jokowi", "target": "Misbakhun", "value": 1}, {"source": "Jokowi", "target": "Imam Ghazali", "value": 1}, {"source": "Jokowi", "target": "Misbakhun", "value": 1}, {"source": "Jokowi", "target": "Suhariyanto", "value": 1}, {"source": "Jokowi", "target": "Suhariyanto", "value": 1}, {"source": "Jokowi", "target": "Suhariyanto", "value": 1}, {"source": "Jokowi", "target": "Perry", "value": 1}, {"source": "Jokowi", "target": "Joko Widodo", "value": 1}, {"source": "Jokowi", "target": "Joko Widodo (Jokowi)", "value": 1}, {"source": "Jokowi", "target": "Agus Suparmanto", "value": 1}, {"source": "Jokowi", "target": "Joko Widodo", "value": 1}, {"source": "Jokowi", "target": "Joko Widodo", "value": 1}, {"source": "Jokowi", "target": "Akbar", "value": 1}, {"source": "Jokowi", "target": "Asmoro", "value": 1}, {"source": "Jokowi", "target": "Joko Widodo", "value": 1}, {"source": "Jokowi", "target": "Muhammad Hatta", "value": 1}, {"source": "Jokowi", "target": "Mahmoud Ahmadinejad", "value": 1}, {"source": "Jokowi", "target": "Ir Soekarno", "value": 1}, {"source": "Jokowi", "target": "Gatot Subroto", "value": 1}, {"source": "Jokowi", "target": "Maruf Amin", "value": 1}, {"source": "Jokowi", "target": "Fajar", "value": 1}, {"source": "Jokowi", "target": "Sulianti Suroso", "value": 1}, {"source": "Jokowi", "target": "Sutrisno", "value": 1}, {"source": "Jokowi", "target": "Harusnyalah", "value": 1}, {"source": "Jokowi", "target": "Joko Widodo ( Jokowi )", "value": 1}, {"source": "Jokowi", "target": "Wuhan", "value": 1}, {"source": "Jokowi", "target": "Bumi Langit Institut", "value": 1}, {"source": "Jokowi", "target": "Gatot Wahyudi", "value": 1}, {"source": "Jokowi", "target": "Gatot", "value": 1}, {"source": "Jokowi", "target": "Heri", "value": 1}, {"source": "Jokowi", "target": "Kamrussamad", "value": 1}, {"source": "Jokowi", "target": "Rizal Ramli", "value": 1}, {"source": "Jokowi", "target": "Brazil", "value": 1}, {"source": "Jokowi", "target": "Yanti Sukamdani", "value": 1}, {"source": "Jokowi", "target": "Dr Syahganda Nainggolan", "value": 1}, {"source": "Jokowi", "target": "Bosla Familia", "value": 1}, {"source": "Jokowi", "target": "Hidayat", "value": 1}, {"source": "Jokowi", "target": "Suyanti", "value": 1}, {"source": "Jokowi", "target": "Ketut Kariyasa", "value": 1}, {"source": "Jokowi", "target": "Ketut Kariyasa", "value": 1}, {"source": "Jokowi", "target": "Fadli", "value": 1}, {"source": "Jokowi", "target": "Joko Widodo", "value": 1}, {"source": "Jokowi", "target": "LaNyalla", "value": 1}, {"source": "Jokowi", "target": "Joko Widodo", "value": 1}, {"source": "Jokowi", "target": "Andi Jauhary", "value": 1}, {"source": "Jokowi", "target": "Andi Gani Nena Wea", "value": 1}, {"source": "Jokowi", "target": "Frans Meroga Panggabean", "value": 1}, {"source": "Jokowi", "target": "Maruf Amin Way", "value": 1}, {"source": "Jokowi", "target": "Frans", "value": 1}, {"source": "Jokowi", "target": "Ahmad Wijaya", "value": 1}, {"source": "Jokowi", "target": "Airlangga Hartarto", "value": 1}, {"source": "Jokowi", "target": "Aminulah", "value": 1}, {"source": "Jokowi", "target": "Abdullah Puteh", "value": 1}, {"source": "Jokowi", "target": "Ahmad Bastian", "value": 1}, {"source": "Jokowi", "target": "JK", "value": 1}, {"source": "Jokowi", "target": "Nurul Arafah", "value": 1}, {"source": "Jokowi", "target": "La Nyalla Mahmud Mattalitti", "value": 1}, {"source": "Jokowi", "target": "Aminullah", "value": 1}, {"source": "Jokowi", "target": "Arafah", "value": 1}, {"source": "Jokowi", "target": "Fachrul", "value": 1}, {"source": "Jokowi", "target": "Joko Widodo (Jokowi)", "value": 1}, {"source": "Jokowi", "target": "Brazil", "value": 1}, {"source": "Jokowi", "target": "Brazil", "value": 1}, {"source": "Jokowi", "target": "Mahfud Md", "value": 1}, {"source": "Jokowi", "target": "Joko Widodo ( Jokowi )", "value": 1}, {"source": "Jokowi", "target": "Megawati Soekarnoputri", "value": 1}, {"source": "Jokowi", "target": "Mufti", "value": 1}, {"source": "Jokowi", "target": "Empat Pilar Kebangsaan", "value": 1}, {"source": "Jokowi", "target": "Joko Widodo", "value": 1}, {"source": "Jokowi", "target": "Megawati Soekarnoputri", "value": 1}, {"source": "Jokowi", "target": "Hendi", "value": 1}, {"source": "Jokowi", "target": "Hendrar Prihadi", "value": 1}, {"source": "Jokowi", "target": "Dini", "value": 1}, {"source": "Jokowi", "target": "Joko Widodo ( Jokowi )", "value": 1}, {"source": "Jokowi", "target": "Ali", "value": 1}, {"source": "Jokowi", "target": "Dini Purnowo", "value": 1}, {"source": "Joko Widodo", "target": "Faisal Yunianto", "value": 1}, {"source": "Joko Widodo", "target": "Said Abdullah", "value": 1}, {"source": "Joko Widodo", "target": "Faisal Yunianto", "value": 1}, {"source": "Joko Widodo", "target": "Said Abdullah", "value": 1}, {"source": "Joko Widodo", "target": "Ahmad Buchori Editor", "value": 1}, {"source": "Joko Widodo", "target": "Agus Suparmanto", "value": 1}, {"source": "Joko Widodo", "target": "Airlangga Hartarto", "value": 1}, {"source": "Joko Widodo", "target": "Rosmaya Hadi", "value": 1}, {"source": "Joko Widodo", "target": "Muhammad Adimaja", "value": 1}, {"source": "Joko Widodo", "target": "Jokowi", "value": 1}, {"source": "Joko Widodo", "target": "Perry", "value": 1}, {"source": "Joko Widodo", "target": "Agus Gumiwang Kartasasmita", "value": 1}, {"source": "Joko Widodo", "target": "Perry Warjiyo", "value": 1}, {"source": "Joko Widodo", "target": "Indrianto Eko Suwarso", "value": 1}, {"source": "Joko Widodo", "target": "Sri Mulyani", "value": 1}, {"source": "Joko Widodo", "target": "Joko Widodo (Jokowi)", "value": 1}, {"source": "Joko Widodo", "target": "Sri Mulyani", "value": 1}, {"source": "Joko Widodo", "target": "Ahmad Buchori", "value": 1}, {"source": "Joko Widodo", "target": "Ahmad Buchori", "value": 1}, {"source": "Joko Widodo", "target": "Ahmad Wijaya", "value": 1}, {"source": "Joko Widodo", "target": "Faisal Yunianto", "value": 1}, {"source": "Joko Widodo", "target": "Dini Purwono", "value": 1}, {"source": "Joko Widodo", "target": "Lili", "value": 1}, {"source": "Joko Widodo", "target": "Imam Budilaksono Editor", "value": 1}, {"source": "Joko Widodo", "target": "Dito", "value": 1}, {"source": "Joko Widodo", "target": "Ahmad Wijaya", "value": 1}, {"source": "Joko Widodo", "target": "Jokowi", "value": 1}, {"source": "Joko Widodo", "target": "Jokowi", "value": 1}, {"source": "Joko Widodo", "target": "Jokowi", "value": 1}, {"source": "Joko Widodo", "target": "Suhariyanto", "value": 1}, {"source": "Joko Widodo", "target": "Jokowi", "value": 1}, {"source": "Joko Widodo", "target": "Suhariyanto", "value": 1}, {"source": "Joko Widodo", "target": "Airlangga Hartarto", "value": 1}, {"source": "Joko Widodo", "target": "Airlangga", "value": 1}, {"source": "Joko Widodo", "target": "Airlangga Hartarto", "value": 1}, {"source": "Joko Widodo", "target": "Airlangga", "value": 1}, {"source": "Joko Widodo", "target": "Airlangga Hartarto", "value": 1}, {"source": "Joko Widodo", "target": "Airlangga", "value": 1}, {"source": "Joko Widodo", "target": "Airlangga Hartarto", "value": 1}, {"source": "Joko Widodo", "target": "Joko Widodo (Jokowi)", "value": 1}, {"source": "Joko Widodo", "target": "Sri Mulyani", "value": 1}, {"source": "Joko Widodo", "target": "Sri Mulyani", "value": 1}, {"source": "Joko Widodo", "target": "Joko Widodo (Jokowi)", "value": 1}, {"source": "Joko Widodo", "target": "Muhammad Nafan Aji", "value": 1}, {"source": "Joko Widodo", "target": "Ryan", "value": 1}, {"source": "Joko Widodo", "target": "Perry Warjiyo", "value": 1}, {"source": "Joko Widodo", "target": "Perry", "value": 1}, {"source": "Joko Widodo", "target": "Apple", "value": 1}, {"source": "Joko Widodo", "target": "Muhammad Hatta", "value": 1}, {"source": "Joko Widodo", "target": "Mahmoud Ahmadinejad", "value": 1}, {"source": "Joko Widodo", "target": "Ir Soekarno", "value": 1}, {"source": "Joko Widodo", "target": "Gatot Subroto", "value": 1}, {"source": "Joko Widodo", "target": "Maruf Amin", "value": 1}, {"source": "Joko Widodo", "target": "Fajar", "value": 1}, {"source": "Joko Widodo", "target": "Sulianti Suroso", "value": 1}, {"source": "Joko Widodo", "target": "Prof Dr Muhammad Syakir", "value": 1}, {"source": "Joko Widodo", "target": "Dr Lukmanul Hakim", "value": 1}, {"source": "Joko Widodo", "target": "Agus", "value": 1}, {"source": "Joko Widodo", "target": "Agus Suparmanto", "value": 1}, {"source": "Joko Widodo", "target": "Maruf Amin", "value": 1}, {"source": "Joko Widodo", "target": "Airlangga Hartarto", "value": 1}, {"source": "Joko Widodo", "target": "Perry Warjiyo", "value": 1}, {"source": "Joko Widodo", "target": "Perry Warjiyo", "value": 1}, {"source": "Joko Widodo", "target": "Hariyanto", "value": 1}, {"source": "Joko Widodo", "target": "Rusdianto Matulatuwa", "value": 1}, {"source": "Joko Widodo", "target": "Ganjar", "value": 1}, {"source": "Joko Widodo", "target": "Said Iqbal", "value": 1}, {"source": "Joko Widodo", "target": "Iuran", "value": 1}, {"source": "Joko Widodo", "target": "Ganjar Pranowo", "value": 1}, {"source": "Joko Widodo", "target": "Andi", "value": 1}, {"source": "Joko Widodo", "target": "Andi Samsan Nganro", "value": 1}, {"source": "Joko Widodo", "target": "Sulianti Saroso", "value": 1}, {"source": "Joko Widodo", "target": "Jokowi", "value": 1}, {"source": "Joko Widodo", "target": "Rerie", "value": 1}, {"source": "Joko Widodo", "target": "Jokowi", "value": 1}, {"source": "Joko Widodo", "target": "Hariyanto", "value": 1}, {"source": "Joko Widodo", "target": "Rusdianto Matulatuwa", "value": 1}, {"source": "Joko Widodo", "target": "Ganjar", "value": 1}, {"source": "Joko Widodo", "target": "Said Iqbal", "value": 1}, {"source": "Joko Widodo", "target": "Iuran", "value": 1}, {"source": "Joko Widodo", "target": "Ganjar Pranowo", "value": 1}, {"source": "Joko Widodo", "target": "Andi", "value": 1}, {"source": "Joko Widodo", "target": "Andi Samsan Nganro", "value": 1}, {"source": "Joko Widodo", "target": "Sulianti Saroso", "value": 1}, {"source": "Joko Widodo", "target": "Jokowi", "value": 1}, {"source": "Joko Widodo", "target": "Rerie", "value": 1}, {"source": "Joko Widodo", "target": "Jokowi", "value": 1}, {"source": "Joko Widodo", "target": "Jokowi", "value": 1}, {"source": "Joko Widodo", "target": "Airlangga", "value": 1}, {"source": "Joko Widodo", "target": "Airlangga Hartarto", "value": 1}, {"source": "Joko Widodo", "target": "Airlangga", "value": 1}, {"source": "Joko Widodo", "target": "Airlangga Hartarto", "value": 1}, {"source": "Joko Widodo", "target": "Fadli Ramadhanil", "value": 1}, {"source": "Joko Widodo", "target": "Jokowi", "value": 1}, {"source": "Joko Widodo", "target": "Fadli", "value": 1}, {"source": "Joko Widodo", "target": "Jokowi", "value": 1}, {"source": "Joko Widodo", "target": "Jokowi", "value": 1}, {"source": "Joko Widodo", "target": "LaNyalla", "value": 1}, {"source": "Joko Widodo", "target": "Henry Saragih", "value": 1}, {"source": "Joko Widodo", "target": "Dwi Gayati Editor", "value": 1}, {"source": "Agus Suparmanto", "target": "Airlangga Hartarto", "value": 1}, {"source": "Agus Suparmanto", "target": "Rosmaya Hadi", "value": 1}, {"source": "Agus Suparmanto", "target": "Muhammad Adimaja", "value": 1}, {"source": "Agus Suparmanto", "target": "Jokowi", "value": 1}, {"source": "Agus Suparmanto", "target": "Perry", "value": 1}, {"source": "Agus Suparmanto", "target": "Agus Gumiwang Kartasasmita", "value": 1}, {"source": "Agus Suparmanto", "target": "Perry Warjiyo", "value": 1}, {"source": "Agus Suparmanto", "target": "Indrianto Eko Suwarso", "value": 1}, {"source": "Agus Suparmanto", "target": "Sri Mulyani", "value": 1}, {"source": "Agus Suparmanto", "target": "Joko Widodo (Jokowi)", "value": 1}, {"source": "Agus Suparmanto", "target": "HS", "value": 1}, {"source": "Agus Suparmanto", "target": "Agus", "value": 1}, {"source": "Agus Suparmanto", "target": "Yunita Rusanti", "value": 1}, {"source": "Agus Suparmanto", "target": "Jokowi", "value": 1}, {"source": "Agus Suparmanto", "target": "Farma", "value": 1}, {"source": "Agus Suparmanto", "target": "Agus Salim Editor", "value": 1}, {"source": "Agus Suparmanto", "target": "Agus Salim", "value": 1}, {"source": "Agus Suparmanto", "target": "Jerry Sambuaga", "value": 1}, {"source": "Agus Suparmanto", "target": "Airlangga Hartarto", "value": 1}, {"source": "Agus Suparmanto", "target": "Joko Widodo Jakarta", "value": 1}, {"source": "Agus Suparmanto", "target": "Agus Gumiwang Kartasasmita", "value": 1}, {"source": "Agus Suparmanto", "target": "Joko Widodo", "value": 1}, {"source": "Agus Suparmanto", "target": "Faisal Yunianto", "value": 1}, {"source": "Agus Suparmanto", "target": "Luhut Binsar Pandjaitan", "value": 1}, {"source": "Agus Suparmanto", "target": "Joko Widodo", "value": 1}, {"source": "Agus Suparmanto", "target": "Luhut Binsar Pandjaitan", "value": 1}, {"source": "Agus Suparmanto", "target": "Joko Widodo", "value": 1}, {"source": "Agus Suparmanto", "target": "Luhut Binsar Pandjaitan", "value": 1}, {"source": "Agus Suparmanto", "target": "Joko Widodo", "value": 1}, {"source": "Agus Suparmanto", "target": "Bambang Kusmiarso", "value": 1}, {"source": "Agus Suparmanto", "target": "Bambang", "value": 1}, {"source": "Agus Suparmanto", "target": "Joko Widodo", "value": 1}, {"source": "Agus Suparmanto", "target": "Sarpon", "value": 1}, {"source": "Agus Suparmanto", "target": "Arif Nasrudin", "value": 1}, {"source": "Agus Suparmanto", "target": "Joko Widodo (Jokowi)", "value": 1}, {"source": "Agus Suparmanto", "target": "Jokowi", "value": 1}, {"source": "Agus Suparmanto", "target": "Prof DR Baharuddin Lipat", "value": 1}, {"source": "Agus Suparmanto", "target": "Sri Mulyani", "value": 1}, {"source": "Agus Suparmanto", "target": "Piter", "value": 1}, {"source": "Agus Suparmanto", "target": "Josua", "value": 1}, {"source": "Agus Suparmanto", "target": "Piter Abdullah", "value": 1}, {"source": "Agus Suparmanto", "target": "Sri Mulyani (", "value": 1}, {"source": "Agus Suparmanto", "target": "Fajar Hirawan", "value": 1}, {"source": "Agus Suparmanto", "target": "Joko Widodo", "value": 1}, {"source": "Agus Suparmanto", "target": "Wira", "value": 1}, {"source": "Agus Suparmanto", "target": "Sigid Kurniawan", "value": 1}, {"source": "Agus Suparmanto", "target": "Agus", "value": 1}, {"source": "Agus Suparmanto", "target": "Luhut Binsar Pandjaitan", "value": 1}, {"source": "Agus Suparmanto", "target": "Ahmad Wijaya", "value": 1}, {"source": "Agus Suparmanto", "target": "Agus Gumiwang Kartasasmita", "value": 1}, {"source": "Agus Suparmanto", "target": "Joko Widodo", "value": 1}, {"source": "Agus Suparmanto", "target": "Budi Suyanto", "value": 1}, {"source": "Agus Suparmanto", "target": "Mukhtarudin", "value": 1}, {"source": "Agus Suparmanto", "target": "Irman", "value": 1}, {"source": "Agus Suparmanto", "target": "Irman", "value": 1}, {"source": "Agus Suparmanto", "target": "Airlangga Hartarto", "value": 1}, {"source": "Agus Suparmanto", "target": "Budi Suyanto", "value": 1}, {"source": "Agus Suparmanto", "target": "Kasan", "value": 1}, {"source": "Agus Suparmanto", "target": "Budi Suyanto", "value": 1}, {"source": "Agus Suparmanto", "target": "Kasan", "value": 1}, {"source": "Agus Suparmanto", "target": "Luhut Binsar Pandjaitan", "value": 1}, {"source": "Agus Suparmanto", "target": "Luhut", "value": 1}, {"source": "Agus Suparmanto", "target": "Airlangga Hartarto", "value": 1}, {"source": "Agus Suparmanto", "target": "Rosmaya Hadi", "value": 1}, {"source": "Agus Suparmanto", "target": "Muhammad Adimaja", "value": 1}, {"source": "Agus Suparmanto", "target": "Jokowi", "value": 1}, {"source": "Agus Suparmanto", "target": "Perry", "value": 1}, {"source": "Agus Suparmanto", "target": "Agus Gumiwang Kartasasmita", "value": 1}, {"source": "Agus Suparmanto", "target": "Perry Warjiyo", "value": 1}, {"source": "Agus Suparmanto", "target": "Indrianto Eko Suwarso", "value": 1}, {"source": "Agus Suparmanto", "target": "Sri Mulyani", "value": 1}, {"source": "Agus Suparmanto", "target": "Joko Widodo (Jokowi)", "value": 1}, {"source": "Agus Suparmanto", "target": "Airlangga Hartarto", "value": 1}, {"source": "Agus Suparmanto", "target": "Rosmaya Hadi", "value": 1}, {"source": "Agus Suparmanto", "target": "Muhammad Adimaja", "value": 1}, {"source": "Agus Suparmanto", "target": "Jokowi", "value": 1}, {"source": "Agus Suparmanto", "target": "Perry", "value": 1}, {"source": "Agus Suparmanto", "target": "Agus Gumiwang Kartasasmita", "value": 1}, {"source": "Agus Suparmanto", "target": "Perry Warjiyo", "value": 1}, {"source": "Agus Suparmanto", "target": "Indrianto Eko Suwarso", "value": 1}, {"source": "Agus Suparmanto", "target": "Sri Mulyani", "value": 1}, {"source": "Agus Suparmanto", "target": "Joko Widodo (Jokowi)", "value": 1}, {"source": "Agus Suparmanto", "target": "Jokowi", "value": 1}, {"source": "Agus Suparmanto", "target": "Suhanto", "value": 1}, {"source": "Agus Suparmanto", "target": "Budi Suyanto", "value": 1}, {"source": "Agus Suparmanto", "target": "Jokowi", "value": 1}, {"source": "Agus Suparmanto", "target": "Suhanto", "value": 1}, {"source": "Agus Suparmanto", "target": "Budi Suyanto", "value": 1}, {"source": "Agus Suparmanto", "target": "Mulyadi", "value": 1}, {"source": "Agus Suparmanto", "target": "Faisal Yunianto", "value": 1}, {"source": "Agus Suparmanto", "target": "HS", "value": 1}, {"source": "Agus Suparmanto", "target": "Agus", "value": 1}, {"source": "Agus Suparmanto", "target": "Yunita Rusanti", "value": 1}, {"source": "Agus Suparmanto", "target": "Jokowi", "value": 1}, {"source": "Agus Suparmanto", "target": "Farma", "value": 1}, {"source": "Agus Suparmanto", "target": "Agus Salim Editor", "value": 1}, {"source": "Agus Suparmanto", "target": "HS", "value": 1}, {"source": "Agus Suparmanto", "target": "Agus", "value": 1}, {"source": "Agus Suparmanto", "target": "Yunita Rusanti", "value": 1}, {"source": "Agus Suparmanto", "target": "Jokowi", "value": 1}, {"source": "Donald Trump", "target": "Budi Sulistyono", "value": 1}, {"source": "Donald Trump", "target": "Budi Suyanto", "value": 1}, {"source": "Donald Trump", "target": "Sugeng", "value": 1}, {"source": "Donald Trump", "target": "Budi Sulistyono", "value": 1}, {"source": "Donald Trump", "target": "Budi Suyanto", "value": 1}, {"source": "Donald Trump", "target": "Sugeng", "value": 1}, {"source": "Donald Trump", "target": "Agus Salim", "value": 1}, {"source": "Donald Trump", "target": "Alfiansyah", "value": 1}, {"source": "Donald Trump", "target": "Michael Jones", "value": 1}, {"source": "Donald Trump", "target": "Ciaran Mulhall", "value": 1}, {"source": "Donald Trump", "target": "Nafan Aji", "value": 1}, {"source": "Donald Trump", "target": "Michael Jones", "value": 1}, {"source": "Donald Trump", "target": "Ciaran Mulhall", "value": 1}, {"source": "Donald Trump", "target": "Nafan Aji", "value": 1}, {"source": "Donald Trump", "target": "Perry", "value": 1}, {"source": "Donald Trump", "target": "Suhariyanto", "value": 1}, {"source": "Donald Trump", "target": "Powell", "value": 1}, {"source": "Donald Trump", "target": "Ronald Reagan", "value": 1}, {"source": "Donald Trump", "target": "Robertus", "value": 1}, {"source": "Donald Trump", "target": "Dennies", "value": 1}, {"source": "Donald Trump", "target": "Raphael Bostic", "value": 1}, {"source": "Donald Trump", "target": "Aso", "value": 1}, {"source": "Donald Trump", "target": "Qasem Soleimani", "value": 1}, {"source": "Donald Trump", "target": "Jim McCafferty", "value": 1}, {"source": "Donald Trump", "target": "Kecuk", "value": 1}, {"source": "Donald Trump", "target": "Jim McCafferty", "value": 1}, {"source": "Donald Trump", "target": "Kecuk", "value": 1}, {"source": "Donald Trump", "target": "Jim McCafferty", "value": 1}, {"source": "Donald Trump", "target": "Kecuk", "value": 1}, {"source": "Donald Trump", "target": "Jim McCafferty", "value": 1}, {"source": "Donald Trump", "target": "Kecuk", "value": 1}, {"source": "Donald Trump", "target": "Siklus Menapaki", "value": 1}, {"source": "Donald Trump", "target": "Edward Moya", "value": 1}, {"source": "Donald Trump", "target": "M Nafan Aji Gusta Utama", "value": 1}, {"source": "Donald Trump", "target": "Nafan", "value": 1}, {"source": "Donald Trump", "target": "M Nafan Aji Gusta Utama", "value": 1}, {"source": "Donald Trump", "target": "Nafan", "value": 1}, {"source": "Donald Trump", "target": "Trump", "value": 1}, {"source": "Donald Trump", "target": "Hans Kwee", "value": 1}, {"source": "Donald Trump", "target": "Paul Nolte", "value": 1}, {"source": "Donald Trump", "target": "Nolte", "value": 1}, {"source": "Donald Trump", "target": "Dow", "value": 1}, {"source": "Donald Trump", "target": "Freedman", "value": 1}, {"source": "Donald Trump", "target": "Jusuf Kalla", "value": 1}, {"source": "Donald Trump", "target": "Maruf Amin", "value": 1}, {"source": "Donald Trump", "target": "Sah! Maafkan", "value": 1}, {"source": "Donald Trump", "target": "Hadi Tjahjanto (", "value": 1}, {"source": "Donald Trump", "target": "Joko Widodo", "value": 1}, {"source": "Donald Trump", "target": "Sri Mulyani", "value": 1}, {"source": "Donald Trump", "target": "Prof. Bambang PS Brodjonegoro", "value": 1}, {"source": "Donald Trump", "target": "Sigid Kurniawan", "value": 1}, {"source": "Donald Trump", "target": "Dow Jones", "value": 1}, {"source": "Donald Trump", "target": "Deutsche Lufthansa AG", "value": 1}, {"source": "Donald Trump", "target": "Jinping", "value": 1}, {"source": "Donald Trump", "target": "Dow Jones", "value": 1}, {"source": "Donald Trump", "target": "Jinping", "value": 1}, {"source": "Donald Trump", "target": "Jinping", "value": 1}, {"source": "Donald Trump", "target": "Dow Jones Industrial Average", "value": 1}, {"source": "Donald Trump", "target": "Jinping", "value": 1}, {"source": "Donald Trump", "target": "Stanley", "value": 1}, {"source": "Donald Trump", "target": "Securities", "value": 1}, {"source": "Donald Trump", "target": "Powell", "value": 1}, {"source": "Donald Trump", "target": "Michael Matousek", "value": 1}, {"source": "Donald Trump", "target": "Capital", "value": 1}, {"source": "Donald Trump", "target": "Capital Markets", "value": 1}, {"source": "Donald Trump", "target": "Alaska", "value": 1}, {"source": "Donald Trump", "target": "Capital Markets", "value": 1}, {"source": "Donald Trump", "target": "Mnuchin", "value": 1}, {"source": "Donald Trump", "target": "Act", "value": 1}, {"source": "Donald Trump", "target": "Mnuchin", "value": 1}, {"source": "Donald Trump", "target": "Act", "value": 1}, {"source": "Donald Trump", "target": "Dow Jones", "value": 1}, {"source": "Donald Trump", "target": "Hans Kwee", "value": 1}, {"source": "Donald Trump", "target": "Hans", "value": 1}, {"source": "Donald Trump", "target": "Dow Jones Industrial Average", "value": 1}, {"source": "Donald Trump", "target": "Morganlander", "value": 1}, {"source": "Donald Trump", "target": "Narendra Modi", "value": 1}, {"source": "Donald Trump", "target": "Powell", "value": 1}, {"source": "Donald Trump", "target": "Ronald Reagan", "value": 1}, {"source": "Donald Trump", "target": "Demokrat", "value": 1}, {"source": "Donald Trump", "target": "Rosengard", "value": 1}, {"source": "Donald Trump", "target": "Ebola", "value": 1}, {"source": "Donald Trump", "target": "Edward Moya", "value": 1}, {"source": "Donald Trump", "target": "Alaska", "value": 1}, {"source": "Donald Trump", "target": "Trump", "value": 1}, {"source": "Donald Trump", "target": "Faisal Yunianto", "value": 1}, {"source": "Donald Trump", "target": "Cardillo", "value": 1}, {"source": "Donald Trump", "target": "Sri Mulyani", "value": 1}, {"source": "Donald Trump", "target": "Hans Kwee", "value": 1}, {"source": "Donald Trump", "target": "Hans", "value": 1}, {"source": "Donald Trump", "target": "Powell", "value": 1}, {"source": "Donald Trump", "target": "Ronald Reagan", "value": 1}, {"source": "Donald Trump", "target": "Macron", "value": 1}, {"source": "Donald Trump", "target": "Nathalie Tocci", "value": 1}, {"source": "Donald Trump", "target": "Depresi Hebat", "value": 1}, {"source": "Donald Trump", "target": "Depresi Hebat", "value": 1}, {"source": "Donald Trump", "target": "Tai Wong", "value": 1}, {"source": "Donald Trump", "target": "Depresi Hebat", "value": 1}, {"source": "Donald Trump", "target": "Trump", "value": 1}, {"source": "Donald Trump", "target": "Emmanuel Macron", "value": 1}, {"source": "Joko Widodo (Jokowi)", "target": "Sri", "value": 1}, {"source": "Joko Widodo (Jokowi)", "target": "Prof Ari Kuncoro", "value": 1}, {"source": "Joko Widodo (Jokowi)", "target": "Suhariyanto", "value": 1}, {"source": "Joko Widodo (Jokowi)", "target": "Rektor", "value": 1}, {"source": "Joko Widodo (Jokowi)", "target": "Sri Mulyani", "value": 1}, {"source": "Joko Widodo (Jokowi)", "target": "Prof Abdul Haris", "value": 1}, {"source": "Joko Widodo (Jokowi)", "target": "Airlangga", "value": 1}, {"source": "Joko Widodo (Jokowi)", "target": "Airlangga Hartarto", "value": 1}, {"source": "Joko Widodo (Jokowi)", "target": "Susiwijono", "value": 1}, {"source": "Joko Widodo (Jokowi)", "target": "Sri Mulyani", "value": 1}, {"source": "Joko Widodo (Jokowi)", "target": "Rizal Ramli", "value": 1}, {"source": "Joko Widodo (Jokowi)", "target": "Airlangga Hartarto", "value": 1}, {"source": "Joko Widodo (Jokowi)", "target": "Ronggo Astungkuro", "value": 1}, {"source": "Joko Widodo (Jokowi)", "target": "Sri", "value": 1}, {"source": "Joko Widodo (Jokowi)", "target": "Rusdianto", "value": 1}, {"source": "Joko Widodo (Jokowi)", "target": "Sri Mulyani", "value": 1}, {"source": "Joko Widodo (Jokowi)", "target": "Mahfud", "value": 1}, {"source": "Joko Widodo (Jokowi)", "target": "Jokowi", "value": 1}, {"source": "Joko Widodo (Jokowi)", "target": "Jokowi", "value": 1}, {"source": "Joko Widodo (Jokowi)", "target": "Jokowi", "value": 1}, {"source": "Joko Widodo (Jokowi)", "target": "Jokowi", "value": 1}, {"source": "Joko Widodo (Jokowi)", "target": "Airlangga Hartarto", "value": 1}, {"source": "Joko Widodo (Jokowi)", "target": "Erwin Riyanto", "value": 1}, {"source": "Joko Widodo (Jokowi)", "target": "Erwin", "value": 1}, {"source": "Joko Widodo (Jokowi)", "target": "Jokowi", "value": 1}, {"source": "Joko Widodo (Jokowi)", "target": "Sandiaga", "value": 1}, {"source": "Joko Widodo (Jokowi)", "target": "Ace Hasan Syadzily", "value": 1}, {"source": "Joko Widodo (Jokowi)", "target": "Jokowi", "value": 1}, {"source": "Joko Widodo (Jokowi)", "target": "Jokowi", "value": 1}, {"source": "Joko Widodo (Jokowi)", "target": "Asokawati", "value": 1}, {"source": "Joko Widodo (Jokowi)", "target": "Sri", "value": 1}, {"source": "Joko Widodo (Jokowi)", "target": "Sri Mulyani", "value": 1}, {"source": "Joko Widodo (Jokowi)", "target": "Saleh", "value": 1}, {"source": "Joko Widodo (Jokowi)", "target": "Okky", "value": 1}, {"source": "Joko Widodo (Jokowi)", "target": "Airlangga", "value": 1}, {"source": "Joko Widodo (Jokowi)", "target": "Ali Mansur", "value": 1}, {"source": "Joko Widodo (Jokowi)", "target": "Mufidayati", "value": 1}, {"source": "Joko Widodo (Jokowi)", "target": "Daulay", "value": 1}, {"source": "Joko Widodo (Jokowi)", "target": "Jokowi", "value": 1}, {"source": "Joko Widodo (Jokowi)", "target": "Airlangga Hartarto", "value": 1}, {"source": "Joko Widodo (Jokowi)", "target": "Asokawati", "value": 1}, {"source": "Joko Widodo (Jokowi)", "target": "Sri", "value": 1}, {"source": "Joko Widodo (Jokowi)", "target": "Sri Mulyani", "value": 1}, {"source": "Joko Widodo (Jokowi)", "target": "Saleh", "value": 1}, {"source": "Joko Widodo (Jokowi)", "target": "Okky", "value": 1}, {"source": "Joko Widodo (Jokowi)", "target": "Airlangga", "value": 1}, {"source": "Joko Widodo (Jokowi)", "target": "Ali Mansur", "value": 1}, {"source": "Joko Widodo (Jokowi)", "target": "Mufidayati", "value": 1}, {"source": "Joko Widodo (Jokowi)", "target": "Daulay", "value": 1}, {"source": "Joko Widodo (Jokowi)", "target": "Jokowi", "value": 1}, {"source": "Joko Widodo (Jokowi)", "target": "Airlangga Hartarto", "value": 1}, {"source": "Joko Widodo (Jokowi)", "target": "Ramli", "value": 1}, {"source": "Joko Widodo (Jokowi)", "target": "Jokowi", "value": 1}, {"source": "Joko Widodo (Jokowi)", "target": "Asep", "value": 1}, {"source": "Joko Widodo (Jokowi)", "target": "Jokowi", "value": 1}, {"source": "Joko Widodo (Jokowi)", "target": "Jokowi", "value": 1}, {"source": "Joko Widodo (Jokowi)", "target": "Sri Mulyani", "value": 1}, {"source": "Joko Widodo (Jokowi)", "target": "Sri", "value": 1}, {"source": "Joko Widodo (Jokowi)", "target": "Parawansa", "value": 1}, {"source": "Joko Widodo (Jokowi)", "target": "Asokawati", "value": 1}, {"source": "Joko Widodo (Jokowi)", "target": "Sri", "value": 1}, {"source": "Joko Widodo (Jokowi)", "target": "Sri Mulyani", "value": 1}, {"source": "Joko Widodo (Jokowi)", "target": "Saleh", "value": 1}, {"source": "Joko Widodo (Jokowi)", "target": "Okky", "value": 1}, {"source": "Joko Widodo (Jokowi)", "target": "Airlangga", "value": 1}, {"source": "Joko Widodo (Jokowi)", "target": "Ali Mansur", "value": 1}, {"source": "Joko Widodo (Jokowi)", "target": "Mufidayati", "value": 1}, {"source": "Joko Widodo (Jokowi)", "target": "Daulay", "value": 1}, {"source": "Joko Widodo (Jokowi)", "target": "Jokowi", "value": 1}, {"source": "Joko Widodo (Jokowi)", "target": "Airlangga Hartarto", "value": 1}, {"source": "Joko Widodo (Jokowi)", "target": "Sri Mulyani", "value": 1}, {"source": "Joko Widodo (Jokowi)", "target": "Sri", "value": 1}, {"source": "Joko Widodo (Jokowi)", "target": "Sri", "value": 1}, {"source": "Joko Widodo (Jokowi)", "target": "Sri Mulyani", "value": 1}, {"source": "Joko Widodo (Jokowi)", "target": "Jokowi", "value": 1}, {"source": "Joko Widodo (Jokowi)", "target": "Sri", "value": 1}, {"source": "Joko Widodo (Jokowi)", "target": "Steel", "value": 1}, {"source": "Joko Widodo (Jokowi)", "target": "Sri Mulyani", "value": 1}, {"source": "Joko Widodo (Jokowi)", "target": "Jokowi", "value": 1}, {"source": "Joko Widodo (Jokowi)", "target": "Sri", "value": 1}, {"source": "Joko Widodo (Jokowi)", "target": "Steel", "value": 1}, {"source": "Joko Widodo (Jokowi)", "target": "Sri Mulyani", "value": 1}, {"source": "Joko Widodo (Jokowi)", "target": "Jokowi", "value": 1}, {"source": "Joko Widodo (Jokowi)", "target": "Muhammad Baiquni", "value": 1}, {"source": "Joko Widodo (Jokowi)", "target": "Jokowi", "value": 1}, {"source": "Joko Widodo (Jokowi)", "target": "Jokowi", "value": 1}, {"source": "Joko Widodo (Jokowi)", "target": "Airlangga Hartarto", "value": 1}, {"source": "Joko Widodo (Jokowi)", "target": "Jokowi", "value": 1}, {"source": "Joko Widodo (Jokowi)", "target": "Sri", "value": 1}, {"source": "Joko Widodo (Jokowi)", "target": "Prof Ari Kuncoro", "value": 1}, {"source": "Joko Widodo (Jokowi)", "target": "Suhariyanto", "value": 1}, {"source": "Joko Widodo (Jokowi)", "target": "Rektor", "value": 1}, {"source": "Joko Widodo (Jokowi)", "target": "Sri Mulyani", "value": 1}, {"source": "Joko Widodo (Jokowi)", "target": "Prof Abdul Haris", "value": 1}, {"source": "Joko Widodo (Jokowi)", "target": "Airlangga", "value": 1}, {"source": "Joko Widodo (Jokowi)", "target": "Airlangga Hartarto", "value": 1}, {"source": "Joko Widodo (Jokowi)", "target": "Sri", "value": 1}, {"source": "Joko Widodo (Jokowi)", "target": "Prof Ari Kuncoro", "value": 1}, {"source": "Joko Widodo (Jokowi)", "target": "Suhariyanto", "value": 1}, {"source": "Joko Widodo (Jokowi)", "target": "Rektor", "value": 1}]}